file,family_id,split,paragraphs,total,ARTEFACT,CONCEPT,PERSON,PLACE,ORG,CULTURE,BIBL
20_Ms_168_3.xml,kunstf,train,11,22,11,1,0,0,0,10,0
20_Ms_171_7.xml,kunstf,train,13,46,32,2,3,8,0,1,0
20_Ms_178_180_101.xml,kunstf,train,20,58,32,26,0,0,0,0,0
20_Ms_178_180_102.xml,kunstf,train,16,65,35,21,4,3,0,1,1
20_Ms_178_180_103.xml,kunstf,train,15,53,19,31,2,0,0,1,0
20_Ms_178_180_104.xml,kunstf,train,14,76,31,45,0,0,0,0,0
20_Ms_178_180_41.xml,kunstf,train,15,60,24,1,3,22,1,4,5
20_Ms_178_180_43.xml,kunstf,train,15,28,11,0,0,0,0,15,2
20_Ms_178_180_45.xml,kunstf,train,11,47,33,0,0,2,0,8,4
20_Ms_178_180_46.xml,kunstf,train,13,34,20,1,0,0,0,12,1
20_Ms_178_180_48.xml,kunstf,train,18,79,32,0,8,7,19,2,11
20_Ms_178_180_49.xml,kunstf,train,12,69,18,0,20,12,9,0,10
20_Ms_178_180_50.xml,kunstf,train,15,33,17,4,6,1,3,1,1
20_Ms_178_180_52.xml,kunstf,train,14,36,13,0,14,0,0,8,1
20_Ms_178_180_57.xml,kunstf,train,19,28,14,5,1,0,0,5,3
20_Ms_178_180_58.xml,kunstf,train,12,31,25,2,0,0,0,4,0
20_Ms_178_180_65.xml,kunstf,train,9,39,23,16,0,0,0,0,0
20_Ms_178_180_66.xml,kunstf,train,15,49,23,26,0,0,0,0,0
20_Ms_178_180_67.xml,kunstf,train,19,30,8,22,0,0,0,0,0
20_Ms_178_180_68.xml,kunstf,train,10,38,25,13,0,0,0,0,0
20_Ms_178_180_69.xml,kunstf,train,15,40,28,4,0,5,0,2,1
20_Ms_178_180_70.xml,kunstf,train,16,46,22,9,6,0,0,6,3
20_Ms_178_180_71.xml,kunstf,train,22,46,8,28,4,0,1,3,2
20_Ms_178_180_75.xml,kunstf,train,21,68,52,6,0,2,7,0,1
20_Ms_178_180_76.xml,kunstf,train,20,72,59,4,2,3,2,0,2
20_Ms_178_180_77.xml,kunstf,train,16,68,48,5,4,3,4,0,4
20_Ms_178_180_78.xml,kunstf,train,21,65,35,6,5,7,3,3,6
20_Ms_178_180_79.xml,kunstf,train,22,74,43,4,8,6,6,0,7
20_Ms_178_180_80.xml,kunstf,train,28,76,47,10,6,7,5,0,1
20_Ms_178_180_81.xml,kunstf,train,27,82,62,3,2,8,4,1,2
20_Ms_178_180_82.xml,kunstf,train,33,90,48,4,4,10,10,1,13
20_Ms_178_180_83.xml,kunstf,train,37,82,47,9,1,8,5,10,2
20_Ms_178_180_84.xml,kunstf,train,21,57,33,8,0,5,5,4,2
20_Ms_178_180_85.xml,kunstf,train,22,68,49,5,0,4,5,2,3
20_Ms_178_180_86.xml,kunstf,train,25,80,37,18,8,7,6,3,1
20_Ms_178_180_87.xml,kunstf,train,18,56,33,14,1,3,2,2,1
20_Ms_178_180_88.xml,kunstf,train,26,81,52,7,6,4,7,1,4
20_Ms_178_180_89.xml,kunstf,train,28,80,56,10,2,0,4,5,3
20_Ms_178_180_90.xml,kunstf,train,14,39,18,15,0,0,0,3,3
20_Ms_178_180_91.xml,kunstf,train,16,45,29,16,0,0,0,0,0
20_Ms_178_180_92.xml,kunstf,train,15,54,22,29,3,0,0,0,0
20_Ms_178_180_93.xml,kunstf,train,16,48,23,15,5,0,0,3,2
20_Ms_178_180_94.xml,kunstf,train,17,40,28,12,0,0,0,0,0
20_Ms_178_180_95.xml,kunstf,train,11,54,38,15,0,1,0,0,0
20_Ms_178_180_96.xml,kunstf,train,13,67,55,11,0,0,0,1,0
20_Ms_178_180_97.xml,kunstf,train,19,76,57,19,0,0,0,0,0
20_Ms_178_180_98.xml,kunstf,train,15,76,44,30,0,0,0,2,0
20_Ms_178_180_99.xml,kunstf,train,14,64,38,26,0,0,0,0,0
20_Ms_182_1.xml,kunstf,train,78,22,21,0,1,0,0,0,0
20_Ms_182_2.xml,kunstf,train,201,69,69,0,0,0,0,0,0
20_Ms_182_3.xml,kunstf,train,64,17,17,0,0,0,0,0,0
20_Ms_186_1.xml,varia,test,19,77,0,68,8,0,0,0,1
20_Ms_186_2.xml,varia,test,14,46,1,43,1,0,0,1,0
20_Ms_187_188_1.xml,textil1,dev,8,46,6,40,0,0,0,0,0
20_Ms_187_188_2.xml,textil1,dev,26,136,61,69,0,4,0,2,0
20_Ms_187_188_3.xml,textil1,dev,31,93,45,30,5,1,0,7,5
20_Ms_187_188_4.xml,textil2,train,44,156,67,72,0,9,0,8,0
20_Ms_187_188_5.xml,textil2,train,30,56,21,23,0,5,0,4,3
20_Ms_187_188_6.xml,textil2,train,10,43,0,42,0,1,0,0,0
20_Ms_187_188_7.xml,textil2,train,25,52,0,27,9,0,0,0,16
20_Ms_190_2.xml,textil1,dev,13,21,11,2,0,0,0,3,5
20_Ms_191_1.xml,stereo,test,13,30,12,18,0,0,0,0,0
20_Ms_191_2.xml,stereo,test,30,69,21,48,0,0,0,0,0
20_Ms_191_3.xml,stereo,test,39,107,39,62,0,0,0,6,0
20_Ms_191_4.xml,stereo,test,32,129,22,71,1,13,0,22,0
20_Ms_191_5.xml,stereo,test,34,146,41,70,10,19,0,6,0
20_Ms_191_6.xml,stereo,test,27,38,9,25,3,1,0,0,0
20_Ms_192_1.xml,keramik,train,10,28,0,26,0,0,0,2,0
20_Ms_192_2.xml,keramik,train,5,24,11,13,0,0,0,0,0
20_Ms_193_1.xml,varia,test,7,52,1,42,1,1,0,7,0
20_Ms_193_2.xml,varia,test,19,78,7,55,1,4,0,11,0
20_Ms_193_3.xml,varia,test,16,30,0,26,0,1,0,1,2
20_Ms_198_1.xml,varia,test,3,11,0,10,1,0,0,0,0
20_Ms_202_3.xml,keramik,train,27,45,19,15,0,9,0,2,0
20_Ms_203_3.xml,varia,test,15,22,6,3,0,11,0,2,0
20_Ms_204_1.xml,varia,test,16,10,1,6,1,0,2,0,0
20_Ms_204_3.xml,varia,test,30,69,32,16,0,9,0,9,3
20_Ms_204_5.xml,varia,test,25,43,7,13,1,17,0,5,0
20_Ms_205_1.xml,varia,test,6,8,0,6,1,1,0,0,0
20_Ms_205_2.xml,varia,test,8,12,0,7,2,2,1,0,0
20_Ms_205_4.xml,varia,test,13,21,0,17,1,2,1,0,0
20_Ms_205_5.xml,varia,test,32,102,3,94,3,2,0,0,0
20_Ms_205_6.xml,varia,test,42,164,39,112,0,7,0,6,0
20_Ms_205_7.xml,varia,test,25,141,22,107,1,10,0,1,0
20_Ms_205_8.xml,varia,test,21,58,7,42,1,8,0,0,0
20_Ms_208_15_1.xml,textil1,dev,5,8,4,0,2,1,0,0,1
20_Ms_208_16_1.xml,textil1,dev,10,10,2,0,3,2,0,0,3
20_Ms_208_25_1.xml,textil2,train,5,15,1,0,5,3,0,1,5
20_Ms_208_26_1.xml,textil2,train,5,5,0,0,2,1,0,0,2
20_Ms_208_27_2.xml,textil2,train,18,27,1,0,13,4,0,3,6
20_Ms_208_57_2.xml,textil2,train,9,20,7,0,3,0,0,5,5
20_Ms_208_75_2.xml,textil2,train,2,4,1,0,3,0,0,0,0
20_Ms_208_78_1.xml,textil2,train,6,24,0,2,12,6,0,4,0
20_MS_209_10_1.xml,keramik,train,5,8,8,0,0,0,0,0,0
20_MS_209_12_1.xml,keramik,train,8,7,0,0,4,0,0,0,3
20_MS_209_16_2.xml,keramik,train,5,7,2,0,1,0,1,0,3
20_MS_209_1_1.xml,keramik,train,10,23,8,0,2,3,2,0,8
20_MS_209_3_1.xml,keramik,train,12,19,17,1,0,1,0,0,0
20_MS_209_55_1.xml,keramik,train,10,21,1,0,0,20,0,0,0
20_MS_209_57_2.xml,keramik,train,5,6,3,0,2,1,0,0,0
20_Ms_210_18.xml,keramik,train,12,22,8,1,3,4,1,5,0
20_MS_211_5_1.xml,tektonik,train,9,6,1,1,1,0,0,0,3
20_Ms_212_11_1.xml,stereo,test,11,4,3,0,0,0,0,0,1
20_Ms_212_15_1.xml,stereo,test,10,12,8,1,2,0,0,0,1
20_Ms_212_16_2.xml,stereo,test,8,8,6,0,0,1,0,0,1
20_Ms_213_12_1.xml,metal,dev,9,11,8,1,1,0,0,0,1
20_Ms_213_17_2.xml,metal,dev,8,17,8,0,6,1,0,2,0
20_Ms_213_20_1.xml,metal,dev,8,20,11,0,5,1,0,1,2
20_Ms_213_22_1.xml,metal,dev,6,22,12,0,4,4,0,1,1
20_Ms_213_24_1.xml,metal,dev,4,15,5,0,2,5,1,0,2
20_Ms_213_26_1.xml,metal,dev,10,11,6,0,0,2,1,0,2
20_Ms_213_31_2.xml,metal,dev,5,12,6,1,3,0,0,2,0
20_Ms_213_31_3.xml,metal,dev,9,16,12,0,1,3,0,0,0
20_Ms_213_40_1.xml,metal,dev,4,16,5,0,4,4,0,0,3
20_Ms_213_40_2.xml,metal,dev,6,5,2,0,0,1,0,0,2
20_Ms_213_41_1.xml,metal,dev,9,8,2,0,2,2,1,0,1
20_Ms_213_41_4.xml,metal,dev,8,17,2,0,1,9,0,3,2
20_Ms_213_47_2.xml,metal,dev,9,27,13,0,5,6,2,0,1
20_Ms_213_47_3.xml,metal,dev,11,20,8,0,5,2,2,2,1
20_Ms_213_4_1.xml,metal,dev,6,8,4,0,0,1,0,0,3
20_Ms_213_51_2.xml,metal,dev,9,13,5,0,0,3,2,1,2
20_Ms_213_5_1.xml,metal,dev,7,21,15,0,1,2,0,2,1
20_Ms_213_6_2.xml,metal,dev,6,19,13,0,3,0,1,1,1
20_Ms_214_5_1.xml,varia,test,7,24,0,0,0,22,0,2,0
20_Ms_215_19_1.xml,varia,test,3,5,0,0,4,0,0,0,1
20_Ms_216_119.xml,textil2,train,9,34,15,0,7,6,0,1,5
20_Ms_216_123.xml,textil2,train,10,48,14,0,13,5,0,7,9
20_Ms_216_163.xml,textil2,train,12,18,4,0,4,4,0,0,6
20_Ms_216_172.xml,textil2,train,10,19,5,0,8,5,0,0,1
20_Ms_216_182.xml,textil2,train,9,24,9,0,7,3,0,1,4
20_Ms_216_198.xml,textil2,train,11,25,3,0,1,20,1,0,0
20_Ms_216_201.xml,textil2,train,8,14,2,0,7,0,0,0,5
20_Ms_216_202.xml,textil2,train,7,26,9,0,5,3,0,5,4
20_Ms_216_218.xml,textil2,train,5,16,8,0,6,1,0,0,1
20_Ms_216_222.xml,textil2,train,4,12,7,0,1,2,1,0,1
20_Ms_216_236.xml,textil2,train,6,25,11,0,4,6,0,3,1
20_Ms_216_242.xml,textil2,train,8,18,9,0,3,4,2,0,0
20_Ms_216_248.xml,textil2,train,5,15,8,1,3,1,0,0,2
20_Ms_216_54.xml,textil1,dev,4,18,5,0,11,1,1,0,0
20_Ms_216_69.xml,textil1,dev,6,13,10,1,0,0,0,2,0
20_Ms_216_7.xml,textil1,dev,5,6,0,0,0,2,4,0,0
20_Ms_216_82.xml,textil1,dev,7,15,10,2,1,1,0,0,1
20_Ms_216_86.xml,textil2,train,5,12,6,0,2,2,1,0,1
20_Ms_216_87.xml,textil2,train,8,24,11,6,0,6,1,0,0
20_Ms_216_89.xml,textil2,train,10,22,1,3,8,3,0,0,7
20_Ms_216_90.xml,textil2,train,13,40,0,0,19,5,0,0,16
20_Ms_216_91.xml,textil2,train,0,0,0,0,0,0,0,0,0
20_Ms_216_93.xml,textil2,train,7,9,2,6,0,0,0,1,0
20_Ms_216_97.xml,textil2,train,4,6,0,0,2,1,0,0,3
20_Ms_217_1.xml,textil2,train,7,11,0,11,0,0,0,0,0
20_Ms_217_10.xml,textil2,train,4,39,12,27,0,0,0,0,0
20_Ms_217_11.xml,textil2,train,7,42,17,19,0,2,0,4,0
20_Ms_217_12.xml,textil2,train,7,30,14,16,0,0,0,0,0
20_Ms_217_127.xml,textil2,train,8,11,1,0,1,3,0,2,4
20_Ms_217_13.xml,textil2,train,5,30,12,18,0,0,0,0,0
20_Ms_217_132.xml,textil2,train,7,18,11,1,1,3,0,1,1
20_Ms_217_14.xml,textil2,train,6,39,13,26,0,0,0,0,0
20_Ms_217_15.xml,textil2,train,7,38,21,10,1,3,2,0,1
20_Ms_217_156.xml,textil2,train,8,14,5,0,2,6,0,0,1
20_Ms_217_16.xml,textil2,train,9,42,30,9,1,2,0,0,0
20_Ms_217_17.xml,textil2,train,8,34,22,8,1,3,0,0,0
20_Ms_217_18.xml,textil2,train,9,33,22,11,0,0,0,0,0
20_Ms_217_19.xml,textil2,train,8,29,14,15,0,0,0,0,0
20_Ms_217_2.xml,textil2,train,16,53,3,50,0,0,0,0,0
20_Ms_217_20.xml,textil2,train,6,31,11,20,0,0,0,0,0
20_Ms_217_21.xml,textil2,train,7,34,6,15,0,6,0,7,0
20_Ms_217_22.xml,textil2,train,7,49,15,26,1,4,0,2,1
20_Ms_217_23.xml,textil2,train,5,31,12,15,0,0,0,4,0
20_Ms_217_24.xml,textil2,train,8,19,1,16,1,0,0,0,1
20_Ms_217_25.xml,textil2,train,4,38,5,33,0,0,0,0,0
20_Ms_217_3.xml,textil2,train,7,29,10,17,0,0,0,2,0
20_Ms_217_33.xml,textil2,train,6,10,2,1,0,0,0,0,7
20_Ms_217_4.xml,textil2,train,10,41,24,14,1,2,0,0,0
20_Ms_217_5.xml,textil2,train,0,0,0,0,0,0,0,0,0
20_Ms_217_55.xml,textil2,train,5,15,6,0,3,3,0,0,3
20_Ms_217_56.xml,textil2,train,8,8,0,0,4,0,0,2,2
20_Ms_217_59.xml,textil2,train,11,9,1,1,2,1,0,0,4
20_Ms_217_6.xml,textil2,train,6,40,18,20,1,0,0,0,1
20_Ms_217_60.xml,textil2,train,9,7,1,1,2,0,0,1,2
20_Ms_217_66.xml,textil2,train,6,4,0,1,1,1,0,0,1
20_Ms_217_7.xml,textil2,train,7,29,7,22,0,0,0,0,0
20_Ms_217_8.xml,textil2,train,7,33,17,10,2,0,0,2,2
20_Ms_217_89.xml,textil2,train,8,4,0,0,1,0,0,0,3
20_Ms_217_9.xml,textil2,train,0,0,0,0,0,0,0,0,0
20_Ms_217_90.xml,textil2,train,7,13,0,1,4,1,0,2,5
20_Ms_217_96.xml,textil2,train,7,15,3,0,4,4,0,0,4
20_Ms_217_98.xml,textil2,train,17,7,0,1,0,0,0,0,6
20_Ms_218_14.xml,textil2,train,13,22,2,0,5,7,0,0,8
20_Ms_218_27.xml,textil2,train,8,27,4,0,10,8,0,3,2
20_Ms_218_36.xml,textil2,train,8,14,0,0,5,0,0,0,9
20_Ms_218_39.xml,textil2,train,12,28,3,0,10,6,0,1,8
20_Ms_218_45.xml,textil2,train,7,50,13,1,12,8,0,4,12
20_Ms_218_98.xml,textil2,train,11,22,0,0,5,12,0,3,2
20_Ms_219_69.xml,textil2,train,5,18,1,1,8,4,2,2,0
20_Ms_220_172.xml,textil2,train,7,16,0,1,11,0,0,1,3
20_Ms_220_28.xml,textil2,train,5,23,4,1,11,1,0,0,6
20_Ms_220_30.xml,textil2,train,14,25,1,1,9,8,0,1,5
20_Ms_220_89.xml,textil2,train,5,21,0,1,11,7,0,2,0
20_Ms_222_114.xml,keramik,train,7,15,8,1,1,1,1,0,3
20_Ms_222_115.xml,keramik,train,6,6,3,0,0,2,0,0,1
20_Ms_222_129.xml,keramik,train,12,30,10,0,4,8,0,5,3
20_Ms_222_131.xml,keramik,train,10,18,10,0,1,5,1,0,1
20_Ms_222_133.xml,keramik,train,14,7,4,0,0,0,0,0,3
20_Ms_222_134.xml,keramik,train,6,15,3,0,0,7,0,5,0
20_Ms_222_136.xml,keramik,train,6,9,6,0,1,1,0,1,0
20_Ms_222_137.xml,keramik,train,7,8,1,0,2,1,0,0,4
20_Ms_222_151.xml,keramik,train,8,18,14,0,1,2,0,1,0
20_Ms_222_154.xml,keramik,train,6,7,3,0,2,0,1,0,1
20_Ms_222_163.xml,keramik,train,8,7,5,0,1,0,0,1,0
20_Ms_222_164.xml,keramik,train,15,18,12,0,2,0,2,0,2
20_Ms_222_172.xml,keramik,train,11,21,7,0,1,13,0,0,0
20_Ms_222_181.xml,keramik,train,15,20,6,0,5,5,2,2,0
20_Ms_222_183.xml,keramik,train,9,15,11,0,4,0,0,0,0
20_Ms_222_189.xml,keramik,train,10,11,8,0,1,2,0,0,0
20_Ms_222_190.xml,keramik,train,11,12,4,0,2,4,0,0,2
20_Ms_222_195.xml,keramik,train,5,13,7,0,5,1,0,0,0
20_Ms_222_196.xml,keramik,train,16,31,17,0,9,4,1,0,0
20_Ms_222_198.xml,keramik,train,9,11,5,0,2,4,0,0,0
20_Ms_222_209.xml,keramik,train,10,10,5,0,1,0,2,1,1
20_Ms_222_212.xml,keramik,train,17,16,2,0,2,0,0,0,12
20_Ms_222_214.xml,keramik,train,20,16,5,0,0,0,0,0,11
20_Ms_222_215.xml,keramik,train,13,23,11,0,5,4,0,1,2
20_Ms_222_217.xml,keramik,train,8,18,11,0,0,4,0,1,2
20_Ms_222_218.xml,keramik,train,7,18,14,0,2,1,0,1,0
20_Ms_222_223.xml,keramik,train,5,25,11,0,8,1,5,0,0
20_Ms_222_225.xml,keramik,train,12,23,8,1,4,6,0,0,4
20_Ms_222_226.xml,keramik,train,8,12,9,0,0,1,2,0,0
20_Ms_222_228.xml,keramik,train,11,30,20,0,1,0,0,9,0
20_Ms_222_229.xml,keramik,train,10,24,15,0,1,3,1,2,2
20_Ms_222_231.xml,keramik,train,13,37,25,0,6,2,0,3,1
20_Ms_222_243.xml,keramik,train,11,11,7,0,0,0,1,1,2
20_Ms_222_246.xml,keramik,train,9,18,11,0,1,0,2,0,4
20_Ms_222_248.xml,keramik,train,7,21,19,1,0,0,0,1,0
20_Ms_222_255.xml,keramik,train,2,6,3,0,1,0,0,0,2
20_Ms_222_36.xml,keramik,train,7,5,0,0,2,0,0,0,3
20_Ms_222_37.xml,keramik,train,12,9,0,0,1,0,0,0,8
20_Ms_222_41.xml,keramik,train,8,6,0,0,1,0,0,0,5
20_Ms_222_73.xml,keramik,train,8,7,0,0,0,5,0,0,2
20_Ms_222_74.xml,keramik,train,7,7,0,0,0,3,0,0,4
20_Ms_222_82.xml,keramik,train,9,21,6,0,11,2,0,2,0
20_Ms_223_120.xml,tektonik,train,10,15,5,0,3,4,1,0,2
20_Ms_223_134.xml,tektonik,train,12,15,9,0,2,0,0,1,3
20_Ms_223_136.xml,tektonik,train,10,8,4,1,0,1,2,0,0
20_Ms_223_139.xml,tektonik,train,10,19,2,1,1,2,0,1,12
20_Ms_223_140.xml,tektonik,train,6,11,2,0,3,3,0,3,0
20_Ms_223_151.xml,tektonik,train,8,7,1,1,0,1,0,0,4
20_Ms_223_152.xml,tektonik,train,13,12,1,0,3,0,0,0,8
20_Ms_223_153.xml,tektonik,train,9,10,2,0,2,0,0,2,4
20_Ms_223_155.xml,tektonik,train,11,10,3,0,0,1,0,0,6
20_Ms_223_158.xml,tektonik,train,10,14,8,0,1,1,1,0,3
20_Ms_223_163.xml,tektonik,train,13,16,1,0,3,1,0,10,1
20_Ms_223_168.xml,tektonik,train,7,9,6,0,0,0,0,3,0
20_Ms_223_177.xml,tektonik,train,9,7,3,0,2,0,1,0,1
20_Ms_223_187.xml,tektonik,train,10,11,8,0,0,1,0,1,1
20_Ms_223_188.xml,tektonik,train,8,4,3,0,0,0,0,0,1
20_Ms_223_192.xml,tektonik,train,13,21,6,1,0,10,0,2,2
20_Ms_223_209.xml,tektonik,train,4,6,2,0,3,1,0,0,0
20_Ms_223_50.xml,tektonik,train,8,14,6,1,0,0,3,1,3
20_Ms_223_91.xml,tektonik,train,8,14,3,0,2,5,0,1,3
20_Ms_223_96.xml,tektonik,train,10,11,2,1,1,2,0,1,4
20_Ms_224_1.xml,stereo,test,11,7,2,1,0,2,0,1,1
20_Ms_224_10.xml,stereo,test,9,15,15,0,0,0,0,0,0
20_Ms_224_105.xml,stereo,test,7,14,8,0,0,2,0,4,0
20_Ms_224_106.xml,stereo,test,5,14,9,0,1,4,0,0,0
20_Ms_224_107.xml,stereo,test,8,14,14,0,0,0,0,0,0
20_Ms_224_11.xml,stereo,test,10,20,14,0,3,0,0,0,3
20_Ms_224_117.xml,stereo,test,10,15,9,1,1,0,0,4,0
20_Ms_224_12.xml,stereo,test,4,13,11,0,0,1,0,1,0
20_Ms_224_138.xml,stereo,test,5,11,9,0,0,0,0,2,0
20_Ms_224_14.xml,stereo,test,9,18,15,0,0,2,1,0,0
20_Ms_224_16.xml,stereo,test,6,15,12,0,1,0,0,2,0
20_Ms_224_17.xml,stereo,test,9,14,6,0,1,6,0,0,1
20_Ms_224_22.xml,stereo,test,5,11,7,0,1,0,0,0,3
20_Ms_224_23.xml,stereo,test,7,8,5,0,1,2,0,0,0
20_Ms_224_24.xml,stereo,test,10,27,12,9,0,6,0,0,0
20_Ms_224_26.xml,stereo,test,14,12,8,4,0,0,0,0,0
20_Ms_224_27.xml,stereo,test,4,20,11,9,0,0,0,0,0
20_Ms_224_28.xml,stereo,test,11,31,26,5,0,0,0,0,0
20_Ms_224_29.xml,stereo,test,7,13,9,1,0,0,0,0,3
20_Ms_224_35.xml,stereo,test,9,11,3,0,2,2,0,3,1
20_Ms_224_38.xml,stereo,test,8,16,7,6,3,0,0,0,0
20_Ms_224_39.xml,stereo,test,8,12,4,6,0,2,0,0,0
20_Ms_224_41.xml,stereo,test,6,18,8,10,0,0,0,0,0
20_Ms_224_45.xml,stereo,test,10,20,6,6,2,4,1,0,1
20_Ms_224_48.xml,stereo,test,11,25,13,4,0,5,2,1,0
20_Ms_224_50.xml,stereo,test,11,15,5,1,2,3,0,0,4
20_Ms_224_51.xml,stereo,test,8,31,17,0,12,0,0,0,2
20_Ms_224_52.xml,stereo,test,8,80,43,0,17,19,0,0,1
20_Ms_224_53.xml,stereo,test,9,22,10,0,5,6,0,0,1
20_Ms_224_6.xml,stereo,test,18,24,19,0,2,1,0,0,2
20_Ms_224_68.xml,stereo,test,10,15,12,1,2,0,0,0,0
20_Ms_224_70.xml,stereo,test,7,6,1,0,3,0,1,0,1
20_Ms_224_77.xml,stereo,test,10,28,16,1,2,9,0,0,0
20_Ms_224_89.xml,stereo,test,14,16,9,0,2,1,0,1,3
20_Ms_224_91.xml,stereo,test,8,14,7,0,0,7,0,0,0
20_Ms_224_92.xml,stereo,test,9,14,8,0,0,2,0,4,0
20_Ms_224_95.xml,stereo,test,8,22,9,0,4,7,0,0,2
20_Ms_225_103.xml,stereo,test,19,15,15,0,0,0,0,0,0
20_Ms_225_111.xml,stereo,test,13,17,17,0,0,0,0,0,0
20_Ms_225_112.xml,stereo,test,8,16,14,0,0,2,0,0,0
20_Ms_225_113.xml,stereo,test,13,25,22,0,0,2,0,0,1
20_Ms_225_117.xml,stereo,test,4,11,8,0,1,0,0,0,2
20_Ms_225_121.xml,stereo,test,8,26,26,0,0,0,0,0,0
20_Ms_225_125.xml,stereo,test,7,8,8,0,0,0,0,0,0
20_Ms_225_126.xml,stereo,test,7,8,7,0,0,1,0,0,0
20_Ms_225_127.xml,stereo,test,10,18,18,0,0,0,0,0,0
20_Ms_225_128.xml,stereo,test,9,20,19,0,0,1,0,0,0
20_Ms_225_129.xml,stereo,test,7,11,11,0,0,0,0,0,0
20_Ms_225_140.xml,stereo,test,13,20,18,1,0,0,0,0,1
20_Ms_225_142.xml,stereo,test,7,7,7,0,0,0,0,0,0
20_Ms_225_143.xml,stereo,test,14,22,22,0,0,0,0,0,0
20_Ms_225_145.xml,stereo,test,19,17,17,0,0,0,0,0,0
20_Ms_225_146.xml,stereo,test,7,11,10,0,0,1,0,0,0
20_Ms_225_147.xml,stereo,test,10,25,24,0,1,0,0,0,0
20_Ms_225_148.xml,stereo,test,14,20,17,0,2,1,0,0,0
20_Ms_225_155.xml,stereo,test,17,20,18,0,2,0,0,0,0
20_Ms_225_160.xml,stereo,test,15,17,15,2,0,0,0,0,0
20_Ms_225_165.xml,stereo,test,1,5,2,0,0,3,0,0,0
20_Ms_225_73.xml,stereo,test,11,24,22,0,0,0,0,0,2
20_Ms_225_76.xml,stereo,test,11,18,17,0,0,1,0,0,0
20_Ms_225_79.xml,stereo,test,12,20,19,0,0,1,0,0,0
20_Ms_225_80.xml,stereo,test,18,46,45,0,0,1,0,0,0
20_Ms_225_85.xml,stereo,test,7,19,12,0,2,4,0,0,1
20_Ms_225_9.xml,stereo,test,7,9,7,2,0,0,0,0,0
20_Ms_225_93.xml,stereo,test,8,27,26,0,0,0,0,0,1
20_Ms_225_97.xml,stereo,test,9,32,28,2,0,1,0,0,1
20_Ms_226_10.xml,stereo,test,7,11,11,0,0,0,0,0,0
20_Ms_226_101.xml,stereo,test,13,19,17,0,2,0,0,0,0
20_Ms_226_102.xml,stereo,test,17,28,27,0,1,0,0,0,0
20_Ms_226_104.xml,stereo,test,18,24,24,0,0,0,0,0,0
20_Ms_226_105.xml,stereo,test,12,19,14,0,4,1,0,0,0
20_Ms_226_107.xml,stereo,test,7,12,12,0,0,0,0,0,0
20_Ms_226_108.xml,stereo,test,11,18,17,0,1,0,0,0,0
20_Ms_226_110.xml,stereo,test,7,8,6,0,1,0,0,0,1
20_Ms_226_111.xml,stereo,test,8,6,4,0,0,0,0,0,2
20_Ms_226_18.xml,stereo,test,17,29,28,1,0,0,0,0,0
20_Ms_226_19.xml,stereo,test,0,0,0,0,0,0,0,0,0
20_Ms_226_24.xml,stereo,test,6,19,16,0,2,0,0,0,1
20_Ms_226_25.xml,stereo,test,7,16,13,0,0,1,0,2,0
20_Ms_226_27.xml,stereo,test,8,14,10,0,1,0,0,3,0
20_Ms_226_28.xml,stereo,test,4,6,6,0,0,0,0,0,0
20_Ms_226_29.xml,stereo,test,7,26,15,0,9,0,0,0,2
20_Ms_226_31.xml,stereo,test,10,26,18,0,5,1,0,0,2
20_Ms_226_33.xml,stereo,test,7,13,13,0,0,0,0,0,0
20_Ms_226_42.xml,stereo,test,6,9,7,0,0,2,0,0,0
20_Ms_226_44.xml,stereo,test,9,6,5,0,0,0,0,0,1
20_Ms_226_46.xml,stereo,test,6,16,15,1,0,0,0,0,0
20_Ms_226_47.xml,stereo,test,10,12,12,0,0,0,0,0,0
20_Ms_226_48.xml,stereo,test,10,15,15,0,0,0,0,0,0
20_Ms_226_49.xml,stereo,test,9,14,14,0,0,0,0,0,0
20_Ms_226_50.xml,stereo,test,10,17,17,0,0,0,0,0,0
20_Ms_226_51.xml,stereo,test,15,25,20,1,3,0,0,0,1
20_Ms_226_52.xml,stereo,test,10,16,15,0,0,1,0,0,0
20_Ms_226_53.xml,stereo,test,11,14,14,0,0,0,0,0,0
20_Ms_226_54.xml,stereo,test,13,17,16,0,0,1,0,0,0
20_Ms_226_55.xml,stereo,test,10,15,15,0,0,0,0,0,0
20_Ms_226_58.xml,stereo,test,9,16,13,0,1,0,0,0,2
20_Ms_226_60.xml,stereo,test,11,13,13,0,0,0,0,0,0
20_Ms_226_61.xml,stereo,test,10,15,12,0,2,0,0,0,1
20_Ms_226_62.xml,stereo,test,12,14,13,0,1,0,0,0,0
20_Ms_226_64.xml,stereo,test,15,12,9,0,0,3,0,0,0
20_Ms_226_66.xml,stereo,test,14,15,14,0,0,0,0,0,1
20_Ms_226_67.xml,stereo,test,11,18,17,0,1,0,0,0,0
20_Ms_226_69.xml,stereo,test,13,23,22,0,1,0,0,0,0
20_Ms_226_70.xml,stereo,test,12,25,24,0,0,0,0,0,1
20_Ms_226_72.xml,stereo,test,10,23,22,0,0,1,0,0,0
20_Ms_226_74.xml,stereo,test,4,10,9,0,0,0,0,1,0
20_Ms_226_78.xml,stereo,test,10,12,11,1,0,0,0,0,0
20_Ms_226_79.xml,stereo,test,5,12,10,0,2,0,0,0,0
20_Ms_226_80.xml,stereo,test,5,14,10,0,1,2,0,1,0
20_Ms_226_87.xml,stereo,test,7,17,8,1,3,3,0,0,2
20_Ms_226_88.xml,stereo,test,5,13,10,0,0,3,0,0,0
20_Ms_226_9.xml,stereo,test,8,17,17,0,0,0,0,0,0
20_Ms_226_90.xml,stereo,test,6,10,8,0,1,0,0,0,1
20_Ms_226_91.xml,stereo,test,12,17,17,0,0,0,0,0,0
20_Ms_226_92.xml,stereo,test,8,20,19,0,1,0,0,0,0
20_Ms_226_93.xml,stereo,test,4,8,8,0,0,0,0,0,0
20_Ms_226_95.xml,stereo,test,10,12,11,0,0,0,0,1,0
20_Ms_226_98.xml,stereo,test,10,25,19,0,6,0,0,0,0
20_Ms_226_99.xml,stereo,test,10,15,15,0,0,0,0,0,0
20_Ms_227_1.xml,metal,dev,7,7,0,7,0,0,0,0,0
20_Ms_227_10.xml,metal,dev,7,21,12,7,0,0,0,2,0
20_Ms_227_100.xml,metal,dev,10,31,1,15,15,0,0,0,0
20_Ms_227_101.xml,metal,dev,10,30,6,19,3,0,0,1,1
20_Ms_227_102.xml,metal,dev,6,25,2,18,2,3,0,0,0
20_Ms_227_103.xml,metal,dev,8,37,9,26,0,2,0,0,0
20_Ms_227_104.xml,metal,dev,6,25,6,18,0,1,0,0,0
20_Ms_227_105.xml,metal,dev,5,34,9,18,7,0,0,0,0
20_Ms_227_106.xml,metal,dev,10,38,16,12,9,0,0,0,1
20_Ms_227_107.xml,metal,dev,9,28,8,13,6,0,0,0,1
20_Ms_227_108.xml,metal,dev,11,29,0,26,1,2,0,0,0
20_Ms_227_12.xml,metal,dev,10,26,12,14,0,0,0,0,0
20_Ms_227_13.xml,metal,dev,7,23,13,10,0,0,0,0,0
20_Ms_227_14.xml,metal,dev,8,25,5,20,0,0,0,0,0
20_Ms_227_15.xml,metal,dev,6,18,2,16,0,0,0,0,0
20_Ms_227_16.xml,metal,dev,6,23,1,22,0,0,0,0,0
20_Ms_227_17.xml,metal,dev,8,35,7,28,0,0,0,0,0
20_Ms_227_18.xml,metal,dev,10,31,14,7,1,3,5,0,1
20_Ms_227_19.xml,metal,dev,10,31,11,16,1,3,0,0,0
20_Ms_227_2.xml,metal,dev,12,9,0,3,0,0,0,0,6
20_Ms_227_20.xml,metal,dev,8,52,5,40,2,1,1,0,3
20_Ms_227_21.xml,metal,dev,7,40,9,26,2,0,0,3,0
20_Ms_227_22.xml,metal,dev,9,30,4,24,0,2,0,0,0
20_Ms_227_23.xml,metal,dev,8,14,5,6,1,0,0,0,2
20_Ms_227_24.xml,metal,dev,7,9,0,5,2,2,0,0,0
20_Ms_227_25.xml,metal,dev,8,17,9,8,0,0,0,0,0
20_Ms_227_26.xml,metal,dev,8,23,4,19,0,0,0,0,0
20_Ms_227_27.xml,metal,dev,13,33,5,25,0,1,0,2,0
20_Ms_227_28.xml,metal,dev,6,32,10,22,0,0,0,0,0
20_Ms_227_29.xml,metal,dev,7,17,9,8,0,0,0,0,0
20_Ms_227_3.xml,metal,dev,22,28,2,7,0,0,1,0,18
20_Ms_227_30.xml,metal,dev,5,21,3,18,0,0,0,0,0
20_Ms_227_31.xml,metal,dev,9,38,17,19,0,1,0,0,1
20_Ms_227_32.xml,metal,dev,14,39,14,25,0,0,0,0,0
20_Ms_227_33.xml,metal,dev,7,38,24,8,3,0,0,1,2
20_Ms_227_34.xml,metal,dev,10,32,10,21,0,0,0,1,0
20_Ms_227_35.xml,metal,dev,13,40,10,28,0,0,0,2,0
20_Ms_227_36.xml,metal,dev,7,30,7,21,0,0,0,2,0
20_Ms_227_37.xml,metal,dev,7,28,5,23,0,0,0,0,0
20_Ms_227_38.xml,metal,dev,6,27,6,19,0,0,0,2,0
20_Ms_227_39.xml,metal,dev,12,37,11,26,0,0,0,0,0
20_Ms_227_4.xml,metal,dev,13,19,3,9,0,0,0,0,7
20_Ms_227_40.xml,metal,dev,14,51,24,14,9,4,0,0,0
20_Ms_227_41.xml,metal,dev,8,34,10,15,5,3,1,0,0
20_Ms_227_42.xml,metal,dev,7,43,23,20,0,0,0,0,0
20_Ms_227_43.xml,metal,dev,12,39,23,12,0,4,0,0,0
20_Ms_227_44.xml,metal,dev,12,64,8,56,0,0,0,0,0
20_Ms_227_45.xml,metal,dev,7,35,7,28,0,0,0,0,0
20_Ms_227_46.xml,metal,dev,12,52,6,46,0,0,0,0,0
20_Ms_227_47.xml,metal,dev,9,40,13,26,0,0,0,0,1
20_Ms_227_48.xml,metal,dev,12,60,18,42,0,0,0,0,0
20_Ms_227_49.xml,metal,dev,0,0,0,0,0,0,0,0,0
20_Ms_227_50.xml,metal,dev,19,49,15,27,5,2,0,0,0
20_Ms_227_51.xml,metal,dev,12,66,18,48,0,0,0,0,0
20_Ms_227_52.xml,metal,dev,9,67,34,24,2,0,0,0,7
20_Ms_227_53.xml,metal,dev,7,20,7,13,0,0,0,0,0
20_Ms_227_54.xml,metal,dev,13,28,15,13,0,0,0,0,0
20_Ms_227_55.xml,metal,dev,10,39,6,33,0,0,0,0,0
20_Ms_227_56.xml,metal,dev,8,28,12,16,0,0,0,0,0
20_Ms_227_57.xml,metal,dev,8,31,12,19,0,0,0,0,0
20_Ms_227_58.xml,metal,dev,6,25,7,18,0,0,0,0,0
20_Ms_227_59.xml,metal,dev,10,21,1,20,0,0,0,0,0
20_Ms_227_6.xml,metal,dev,7,32,10,22,0,0,0,0,0
20_Ms_227_60.xml,metal,dev,6,19,2,16,0,0,0,1,0
20_Ms_227_61.xml,metal,dev,10,30,8,19,0,0,3,0,0
20_Ms_227_62.xml,metal,dev,8,29,7,22,0,0,0,0,0
20_Ms_227_63.xml,metal,dev,9,25,7,16,0,0,2,0,0
20_Ms_227_64.xml,metal,dev,8,29,6,21,0,2,0,0,0
20_Ms_227_65.xml,metal,dev,7,41,13,26,0,0,0,0,2
20_Ms_227_66.xml,metal,dev,5,20,2,17,0,0,0,1,0
20_Ms_227_67.xml,metal,dev,11,22,3,19,0,0,0,0,0
20_Ms_227_68.xml,metal,dev,11,46,17,29,0,0,0,0,0
20_Ms_227_69.xml,metal,dev,12,58,17,38,0,0,0,2,1
20_Ms_227_7.xml,metal,dev,8,23,4,19,0,0,0,0,0
20_Ms_227_70.xml,metal,dev,13,51,23,28,0,0,0,0,0
20_Ms_227_71.xml,metal,dev,13,60,24,34,0,0,0,1,1
20_Ms_227_72.xml,metal,dev,12,54,22,21,4,2,0,2,3
20_Ms_227_73.xml,metal,dev,10,26,14,10,1,1,0,0,0
20_Ms_227_76.xml,metal,dev,7,28,4,6,10,6,0,0,2
20_Ms_227_77.xml,metal,dev,9,30,5,8,10,2,0,2,3
20_Ms_227_78.xml,metal,dev,6,39,18,12,3,3,0,1,2
20_Ms_227_79.xml,metal,dev,7,28,13,9,0,2,0,2,2
20_Ms_227_8.xml,metal,dev,13,31,12,19,0,0,0,0,0
20_Ms_227_80.xml,metal,dev,6,25,2,17,5,1,0,0,0
20_Ms_227_81.xml,metal,dev,6,27,7,5,7,0,7,0,1
20_Ms_227_82.xml,metal,dev,8,34,10,8,11,3,0,0,2
20_Ms_227_83.xml,metal,dev,10,38,16,4,11,3,4,0,0
20_Ms_227_84.xml,metal,dev,27,52,4,18,5,7,0,0,18
20_Ms_227_85.xml,metal,dev,17,26,17,5,1,0,0,0,3
20_Ms_227_86.xml,metal,dev,7,30,6,16,4,0,0,2,2
20_Ms_227_87.xml,metal,dev,7,25,1,22,0,2,0,0,0
20_Ms_227_88.xml,metal,dev,8,33,8,20,0,3,0,0,2
20_Ms_227_89.xml,metal,dev,4,14,3,11,0,0,0,0,0
20_Ms_227_9.xml,metal,dev,13,33,6,27,0,0,0,0,0
20_Ms_227_90.xml,metal,dev,16,29,5,17,1,0,0,0,6
20_Ms_227_91.xml,metal,dev,5,40,8,22,6,0,0,1,3
20_Ms_227_92.xml,metal,dev,5,34,20,11,2,0,0,0,1
20_Ms_227_93.xml,metal,dev,6,26,9,8,2,0,0,0,7
20_Ms_227_94.xml,metal,dev,7,45,11,26,5,1,0,0,2
20_Ms_227_95.xml,metal,dev,11,51,16,16,8,8,1,0,2
20_Ms_227_96.xml,metal,dev,12,48,9,32,4,2,0,0,1
20_Ms_227_97.xml,metal,dev,8,43,0,29,3,11,0,0,0
20_Ms_227_98.xml,metal,dev,8,60,23,24,1,4,0,0,8
20_Ms_227_99.xml,metal,dev,5,27,2,18,5,1,0,0,1
20_Ms_228_112.xml,metal,dev,17,8,0,0,0,0,0,0,8
20_Ms_228_140.xml,metal,dev,9,10,0,0,0,0,0,0,10
20_Ms_228_23.xml,metal,dev,8,14,0,0,0,0,0,0,14
20_Ms_228_26.xml,metal,dev,10,9,0,0,0,0,0,0,9
20_Ms_228_27.xml,metal,dev,12,12,0,0,0,0,0,0,12
20_Ms_228_28.xml,metal,dev,9,4,0,0,0,0,0,0,4
20_Ms_228_4.xml,metal,dev,8,9,0,0,2,0,0,0,7
20_Ms_228_5.xml,metal,dev,8,5,0,0,0,0,0,0,5
20_Ms_228_86.xml,metal,dev,21,8,0,0,0,0,0,0,8
20_Ms_228_93.xml,metal,dev,13,5,0,0,0,0,0,0,5
20_Ms_228_94.xml,metal,dev,9,8,0,0,0,0,0,0,8
20_Ms_230_131.xml,textil1,dev,4,6,4,0,1,0,0,0,1
20_Ms_230_145.xml,textil2,train,5,5,0,1,2,0,0,0,2
20_Ms_230_166.xml,textil2,train,4,13,4,0,2,5,0,1,1
20_Ms_230_186.xml,textil2,train,3,10,2,0,4,1,1,0,2
20_Ms_230_44.xml,textil1,dev,3,4,0,0,1,0,0,2,1
20_Ms_230_86.xml,textil1,dev,4,4,3,0,1,0,0,0,0
20_Ms_231_25.xml,textil1,dev,5,21,11,0,6,0,0,0,4
20_Ms_231_37.xml,textil1,dev,5,17,7,0,5,4,0,0,1
20_Ms_231_45.xml,textil1,dev,3,12,5,0,1,0,0,4,2
20_Ms_231_46.xml,textil1,dev,3,16,3,0,6,2,0,1,4
20_Ms_231_59.xml,textil1,dev,4,18,1,0,1,14,0,2,0
20_Ms_231_60_2.xml,textil1,dev,2,24,1,0,1,22,0,0,0
20_Ms_231_62.xml,textil1,dev,3,17,4,0,5,2,0,4,2
20_Ms_231_63.xml,textil1,dev,3,13,1,0,4,3,0,3,2
20_Ms_231_67.xml,textil1,dev,3,16,5,0,4,2,0,2,3
20_Ms_231_94.xml,textil1,dev,6,12,7,1,2,2,0,0,0
20_Ms_232_32.xml,textil1,dev,7,22,4,1,7,3,0,1,6
20_Ms_232_56.xml,textil1,dev,3,7,1,0,2,2,0,0,2
20_Ms_232_57.xml,textil1,dev,6,9,1,0,3,2,0,0,3
20_Ms_232_63.xml,textil1,dev,4,8,0,0,2,5,0,0,1
20_Ms_232_64.xml,textil1,dev,3,6,1,1,1,2,0,0,1
20_Ms_232_67.xml,textil1,dev,3,12,1,1,5,0,0,2,3
20_Ms_232_69.xml,textil1,dev,7,11,2,0,2,2,0,3,2
20_Ms_232_70.xml,textil1,dev,5,16,7,0,0,2,1,5,1
20_Ms_232_9.xml,textil1,dev,8,15,3,1,2,2,1,3,3
20_Ms_233_11.xml,textil1,dev,6,6,0,0,3,1,0,0,2
20_Ms_233_112.xml,textil1,dev,5,20,5,0,3,6,0,4,2
20_Ms_233_114.xml,textil1,dev,7,15,1,0,8,2,0,0,4
20_Ms_233_115.xml,textil1,dev,5,16,2,0,7,1,0,2,4
20_Ms_233_117.xml,textil1,dev,8,24,6,0,7,6,1,0,4
20_Ms_233_12.xml,textil1,dev,7,16,0,2,6,1,0,2,5
20_Ms_233_131.xml,textil1,dev,4,22,0,0,11,3,0,1,7
20_Ms_233_138.xml,textil2,train,6,19,0,0,10,0,0,2,7
20_Ms_233_141.xml,textil2,train,5,18,0,0,7,2,0,5,4
20_Ms_233_142.xml,textil2,train,7,22,1,0,13,4,0,0,4
20_Ms_233_148.xml,textil2,train,6,62,18,3,16,9,1,3,12
20_Ms_233_155.xml,textil2,train,6,15,1,0,8,1,0,0,5
20_Ms_233_163.xml,textil2,train,5,16,2,1,7,3,0,0,3
20_Ms_233_164.xml,textil2,train,4,7,1,0,3,0,0,0,3
20_Ms_233_187.xml,textil2,train,3,4,0,0,3,0,0,0,1
20_Ms_233_199.xml,textil2,train,3,13,1,0,1,10,0,0,1
20_Ms_233_24.xml,textil1,dev,7,14,1,0,3,1,0,2,7
20_Ms_233_25.xml,textil1,dev,7,14,1,2,5,3,0,1,2
20_Ms_233_32.xml,textil1,dev,6,19,1,0,9,1,1,4,3
20_Ms_233_33.xml,textil1,dev,5,14,1,1,5,3,1,1,2
20_Ms_233_49.xml,textil1,dev,3,17,0,0,5,6,2,0,4
20_Ms_233_54.xml,textil1,dev,5,8,2,0,2,1,0,2,1
20_Ms_233_72.xml,textil1,dev,7,8,0,2,3,1,0,0,2
20_Ms_233_78.xml,textil1,dev,3,6,0,0,2,3,0,0,1
20_Ms_233_79.xml,textil1,dev,6,4,0,1,1,1,0,0,1
20_Ms_233_8.xml,textil1,dev,4,4,0,1,1,1,0,0,1
20_Ms_233_84.xml,textil1,dev,5,9,0,0,5,2,0,0,2
20_Ms_233_99.xml,textil1,dev,7,18,1,1,4,1,1,5,5
20_Ms_234_37.xml,textil1,dev,3,8,0,1,4,2,0,0,1
20_Ms_234_47.xml,textil1,dev,6,15,0,1,3,7,2,0,2
20_Ms_234_55.xml,textil1,dev,5,15,3,1,6,1,0,4,0
20_Ms_234_71.xml,textil1,dev,8,17,3,0,0,3,0,7,4
20_Ms_234_97.xml,textil1,dev,6,12,0,1,5,3,1,1,1
20_Ms_235_123.xml,textil1,dev,9,13,1,0,7,0,1,0,4
20_Ms_235_128.xml,textil1,dev,8,14,1,0,3,6,0,0,4
20_Ms_235_132.xml,textil1,dev,6,18,3,0,8,5,0,0,2
20_Ms_235_138.xml,textil2,train,4,18,0,0,2,6,3,5,2
20_Ms_235_142.xml,textil2,train,5,11,1,1,4,1,0,0,4
20_Ms_235_149.xml,textil2,train,2,24,0,2,11,10,0,1,0
20_Ms_235_219.xml,textil2,train,4,17,1,0,11,2,1,0,2
20_Ms_235_228.xml,textil2,train,5,11,1,0,6,1,0,1,2
20_Ms_235_25.xml,textil1,dev,5,6,1,0,2,0,1,1,1
20_Ms_235_28.xml,textil1,dev,4,11,0,1,3,4,0,0,3
20_Ms_235_3.xml,textil1,dev,3,10,0,0,1,7,0,0,2
20_Ms_235_37.xml,textil1,dev,3,6,1,2,1,1,0,0,1
20_Ms_235_51.xml,textil1,dev,5,13,0,0,3,4,2,1,3
20_Ms_235_52.xml,textil1,dev,4,9,1,1,4,2,0,0,1
20_Ms_235_67.xml,textil1,dev,3,12,4,0,3,4,0,1,0
20_Ms_235_70.xml,textil1,dev,5,14,2,3,4,3,0,2,0
20_Ms_235_75.xml,textil1,dev,4,12,3,0,4,2,0,2,1
20_Ms_235_88.xml,textil1,dev,2,16,5,0,5,4,0,0,2
20_Ms_235_91.xml,textil1,dev,4,10,3,0,2,4,0,0,1
20_Ms_235_94.xml,textil1,dev,6,11,1,0,6,1,0,0,3
20_Ms_235_97.xml,textil1,dev,4,21,3,0,5,7,0,0,6
20_Ms_235_98.xml,textil1,dev,5,14,4,0,7,3,0,0,0
20_Ms_235_99.xml,textil1,dev,5,15,0,1,6,1,0,1,6
20_Ms_241_10_1.xml,figure,dev,24,4,4,0,0,0,0,0,0
20_Ms_241_10_2.xml,figure,dev,27,19,16,0,2,0,1,0,0
20_Ms_241_10_6.xml,figure,dev,24,10,10,0,0,0,0,0,0
20_Ms_241_13_1.xml,figure,dev,2,6,6,0,0,0,0,0,0
20_Ms_241_14_2.xml,figure,dev,8,12,10,0,2,0,0,0,0
20_Ms_241_15_2.xml,figure,dev,3,6,6,0,0,0,0,0,0
20_Ms_241_1_1.xml,figure,dev,25,20,19,0,1,0,0,0,0
20_Ms_241_1_2.xml,figure,dev,11,10,0,0,2,0,0,0,8
20_Ms_241_3_1.xml,figure,dev,28,17,17,0,0,0,0,0,0
20_Ms_241_4_3.xml,figure,dev,57,13,13,0,0,0,0,0,0
20_Ms_241_5_1.xml,figure,dev,27,10,8,0,0,1,0,1,0
20_Ms_241_5_2.xml,figure,dev,46,15,14,0,0,1,0,0,0
20_Ms_241_5_3.xml,figure,dev,6,6,6,0,0,0,0,0,0
20_Ms_241_6_2.xml,figure,dev,11,11,10,0,1,0,0,0,0
20_Ms_241_6_3.xml,figure,dev,13,15,15,0,0,0,0,0,0
20_Ms_241_8_1.xml,figure,dev,21,18,17,0,0,0,0,1,0
20_Ms_241_9_2.xml,figure,dev,35,10,9,0,0,1,0,0,0
20_Ms_242_1.xml,figure,dev,14,9,0,9,0,0,0,0,0
20_Ms_242_2.xml,figure,dev,6,6,0,5,1,0,0,0,0
20_Ms_243_1.xml,figure,dev,35,30,25,0,4,0,0,0,1
20_Ms_243_2.xml,figure,dev,53,47,37,5,0,0,2,0,3
20_Ms_243_3.xml,figure,dev,38,40,27,6,3,3,0,0,1
20_Ms_243_4.xml,figure,dev,15,18,18,0,0,0,0,0,0
20_Ms_244_1_1.xml,figure,dev,29,21,19,0,0,0,2,0,0
20_Ms_244_1_2.xml,figure,dev,40,34,22,0,1,1,7,0,3
20_Ms_244_1_3.xml,figure,dev,43,24,18,0,0,2,3,0,1
20_Ms_244_1_4.xml,figure,dev,65,29,27,1,0,0,1,0,0
20_Ms_244_1_5.xml,figure,dev,57,32,27,0,0,4,0,0,1
20_Ms_244_1_6.xml,figure,dev,16,10,5,1,0,2,2,0,0
20_Ms_244_2_1.xml,figure,dev,25,16,12,0,0,1,0,0,3
20_Ms_244_2_2.xml,figure,dev,94,56,34,0,0,0,2,3,17
20_Ms_244_2_3.xml,figure,dev,141,61,39,0,0,0,8,0,14
20_Ms_244_3_3.xml,figure,dev,121,47,46,1,0,0,0,0,0
20_Ms_244_4_1.xml,figure,dev,38,15,12,1,2,0,0,0,0
20_Ms_244_5_1.xml,figure,dev,54,16,15,0,0,1,0,0,0
20_Ms_244_6_1.xml,figure,dev,4,5,4,0,0,0,1,0,0
20_Ms_244_6_13.xml,figure,dev,3,8,4,0,1,0,1,0,2
20_Ms_244_6_17.xml,figure,dev,2,4,2,0,1,0,1,0,0
20_Ms_244_6_49.xml,figure,dev,1,4,1,0,0,2,0,0,1
20_Ms_244_6_5.xml,figure,dev,1,5,1,1,0,1,1,0,1
20_Ms_245_1_3.xml,figure,dev,73,30,27,3,0,0,0,0,0
20_Ms_245_1_5.xml,figure,dev,44,17,16,0,0,0,0,0,1
20_Ms_245_1_6.xml,figure,dev,14,6,6,0,0,0,0,0,0
20_Ms_245_1_7.xml,figure,dev,44,16,13,2,0,0,0,0,1
20_Ms_245_1_8.xml,figure,dev,55,20,11,9,0,0,0,0,0
20_Ms_245_2_13.xml,figure,dev,3,4,1,2,0,0,0,0,1
20_Ms_246_11_1.xml,figure,dev,4,4,1,0,0,0,0,0,3
20_Ms_246_12_1.xml,figure,dev,3,6,2,0,0,1,0,0,3
20_Ms_246_13_2.xml,figure,dev,4,14,4,0,9,1,0,0,0
20_Ms_246_13_3.xml,figure,dev,7,22,5,1,14,2,0,0,0
20_Ms_246_13_4.xml,figure,dev,10,17,14,0,3,0,0,0,0
20_Ms_246_15_1.xml,figure,dev,6,4,4,0,0,0,0,0,0
20_Ms_246_16_1.xml,figure,dev,9,23,3,4,14,1,0,0,1
20_Ms_246_17_1.xml,figure,dev,10,19,5,0,0,4,0,1,9
20_Ms_246_17_2.xml,figure,dev,8,23,11,1,1,6,0,1,3
20_Ms_246_18_1.xml,figure,dev,7,14,11,0,1,0,0,0,2
20_Ms_246_19_1.xml,figure,dev,9,17,3,1,11,0,0,0,2
20_Ms_246_19_2.xml,figure,dev,11,7,1,0,3,2,0,0,1
20_Ms_246_20_1.xml,figure,dev,4,7,7,0,0,0,0,0,0
20_Ms_246_21_1.xml,figure,dev,8,23,11,1,1,1,0,0,9
20_Ms_246_21_2.xml,figure,dev,11,24,17,0,0,0,0,0,7
20_Ms_246_23_1.xml,figure,dev,5,12,5,0,0,2,0,0,5
20_Ms_246_23_2.xml,figure,dev,7,18,11,0,0,2,0,0,5
20_Ms_246_25_1.xml,figure,dev,9,18,4,0,5,3,1,0,5
20_Ms_246_25_2.xml,figure,dev,13,21,11,1,3,2,0,1,3
20_Ms_246_2_1.xml,figure,dev,1,4,4,0,0,0,0,0,0
20_Ms_246_30_3.xml,figure,dev,12,21,13,0,1,0,0,0,7
20_Ms_246_30_4.xml,figure,dev,8,9,1,7,0,0,0,0,1
20_Ms_246_30_5.xml,figure,dev,4,9,0,0,7,2,0,0,0
20_Ms_246_31_1.xml,figure,dev,8,26,24,2,0,0,0,0,0
20_Ms_246_31_2.xml,figure,dev,1,9,7,2,0,0,0,0,0
20_Ms_246_33_1.xml,figure,dev,8,10,2,8,0,0,0,0,0
20_Ms_246_33_2.xml,figure,dev,10,11,0,3,0,0,0,0,8
20_Ms_246_35_1.xml,figure,dev,2,17,4,2,5,0,3,1,2
20_Ms_246_36_1.xml,figure,dev,6,24,14,0,3,2,0,5,0
20_Ms_246_36_2.xml,figure,dev,6,33,15,6,1,6,0,5,0
20_Ms_246_38_1.xml,figure,dev,2,4,2,0,0,0,0,0,2
20_Ms_246_3_1.xml,figure,dev,4,5,0,1,2,0,0,0,2
20_Ms_246_40_1.xml,figure,dev,8,8,0,0,0,0,0,0,8
20_Ms_246_41_2.xml,figure,dev,18,19,2,0,0,0,0,0,17
20_Ms_246_42_1.xml,figure,dev,7,29,23,6,0,0,0,0,0
20_Ms_246_42_2.xml,figure,dev,14,58,50,8,0,0,0,0,0
20_Ms_246_43_3.xml,figure,dev,8,26,25,1,0,0,0,0,0
20_Ms_246_4_1.xml,figure,dev,5,7,1,0,1,0,0,0,5
20_Ms_246_5_1.xml,figure,dev,5,9,5,0,1,0,0,0,3
20_Ms_246_8_1.xml,figure,dev,10,27,17,1,3,6,0,0,0
20_Ms_246_9_1.xml,figure,dev,3,5,1,2,0,0,0,0,2
20_Ms_247_1.xml,figure,dev,7,21,14,3,2,0,0,0,2
20_Ms_247_10.xml,figure,dev,3,5,3,0,0,0,0,0,2
20_Ms_247_11.xml,figure,dev,10,52,30,14,3,3,0,0,2
20_Ms_247_12.xml,figure,dev,4,20,3,10,0,4,1,0,2
20_Ms_247_13.xml,figure,dev,8,70,13,46,1,5,5,0,0
20_Ms_247_14.xml,figure,dev,6,34,12,14,3,0,1,0,4
20_Ms_247_15.xml,figure,dev,11,36,10,12,10,2,0,1,1
20_Ms_247_16.xml,figure,dev,8,38,20,9,1,7,0,0,1
20_Ms_247_17.xml,figure,dev,18,69,23,13,14,7,12,0,0
20_Ms_247_18.xml,figure,dev,8,52,24,22,2,3,0,1,0
20_Ms_247_19.xml,figure,dev,8,14,4,1,0,1,2,1,5
20_Ms_247_2.xml,figure,dev,3,14,7,4,0,0,0,0,3
20_Ms_247_20.xml,figure,dev,12,24,2,0,4,7,1,0,10
20_Ms_247_21.xml,figure,dev,1,5,1,1,2,0,0,0,1
20_Ms_247_22.xml,figure,dev,13,8,0,1,1,0,1,0,5
20_Ms_247_23.xml,figure,dev,13,64,20,13,2,11,1,6,11
20_Ms_247_24.xml,figure,dev,34,229,94,62,21,16,0,13,23
20_Ms_247_25.xml,figure,dev,35,188,77,51,21,5,0,1,33
20_Ms_247_26.xml,figure,dev,4,12,7,2,1,0,0,0,2
20_Ms_247_3.xml,figure,dev,3,15,6,4,3,0,0,0,2
20_Ms_247_5.xml,figure,dev,0,0,0,0,0,0,0,0,0
20_Ms_247_7.xml,figure,dev,6,23,14,6,0,0,0,0,3
20_Ms_247_9.xml,figure,dev,6,16,7,1,2,0,2,0,4
20_Ms_248_10.xml,textil_ex,train,13,42,31,1,2,1,0,0,7
20_Ms_248_100.xml,textil_ex,train,3,6,0,0,2,0,0,2,2
20_Ms_248_102.xml,textil_ex,train,5,12,0,9,2,0,0,0,1
20_Ms_248_103.xml,textil_ex,train,5,10,1,2,2,0,0,0,5
20_Ms_248_104.xml,textil_ex,train,14,33,17,3,4,4,0,1,4
20_Ms_248_105.xml,textil_ex,train,7,23,9,3,6,2,0,0,3
20_Ms_248_106.xml,textil_ex,train,10,18,6,2,0,3,0,0,7
20_Ms_248_108.xml,textil_ex,train,1,18,11,4,2,1,0,0,0
20_Ms_248_109.xml,textil_ex,train,3,27,16,6,5,0,0,0,0
20_Ms_248_110.xml,textil_ex,train,1,9,4,4,1,0,0,0,0
20_Ms_248_114.xml,textil_ex,train,10,41,25,9,2,3,0,0,2
20_Ms_248_116.xml,textil_ex,train,11,20,6,4,3,0,0,0,7
20_Ms_248_118.xml,textil_ex,train,4,7,2,2,0,0,0,0,3
20_Ms_248_119.xml,textil_ex,train,5,23,0,23,0,0,0,0,0
20_Ms_248_12.xml,textil_ex,train,14,53,31,6,2,2,3,0,9
20_Ms_248_120.xml,textil_ex,train,5,14,4,4,0,4,0,0,2
20_Ms_248_121.xml,textil_ex,train,2,25,8,16,0,1,0,0,0
20_Ms_248_122.xml,textil_ex,train,4,15,3,6,2,0,0,0,4
20_Ms_248_123.xml,textil_ex,train,5,16,7,6,0,0,0,1,2
20_Ms_248_124.xml,textil_ex,train,5,17,9,1,1,3,0,1,2
20_Ms_248_128.xml,textil_ex,train,4,12,5,1,0,3,0,0,3
20_Ms_248_13.xml,textil_ex,train,31,64,23,8,7,4,1,1,20
20_Ms_248_130.xml,textil_ex,train,15,33,16,4,2,0,0,0,11
20_Ms_248_131.xml,textil_ex,train,10,23,4,3,4,1,0,0,11
20_Ms_248_132.xml,textil_ex,train,6,35,11,12,8,0,0,0,4
20_Ms_248_133.xml,textil_ex,train,10,29,4,13,3,1,0,0,8
20_Ms_248_134.xml,textil_ex,train,17,47,18,5,7,1,0,1,15
20_Ms_248_135.xml,textil_ex,train,18,52,31,1,2,3,0,0,15
20_Ms_248_136.xml,textil_ex,train,15,23,7,0,5,2,0,0,9
20_Ms_248_14.xml,textil_ex,train,9,30,10,6,2,3,4,0,5
20_Ms_248_140.xml,textil_ex,train,4,7,3,0,0,0,0,0,4
20_Ms_248_141.xml,textil_ex,train,5,7,3,0,0,0,0,0,4
20_Ms_248_142.xml,textil_ex,train,4,4,1,0,0,0,0,0,3
20_Ms_248_144.xml,textil_ex,train,8,16,8,6,1,0,0,0,1
20_Ms_248_146.xml,textil_ex,train,6,18,9,2,4,0,0,1,2
20_Ms_248_147.xml,textil_ex,train,3,52,8,26,1,15,0,2,0
20_Ms_248_15.xml,textil_ex,train,10,19,10,0,0,0,0,1,8
20_Ms_248_150.xml,textil_ex,train,5,17,7,5,1,0,0,0,4
20_Ms_248_151.xml,textil_ex,train,11,14,1,1,1,0,0,0,11
20_Ms_248_152.xml,textil_ex,train,12,28,16,1,5,0,0,1,5
20_Ms_248_153.xml,textil_ex,train,15,83,56,9,11,0,0,3,4
20_Ms_248_155.xml,textil_ex,train,6,7,1,1,1,0,0,0,4
20_Ms_248_157.xml,textil_ex,train,19,31,10,2,2,0,0,4,13
20_Ms_248_159.xml,textil_ex,train,3,12,6,0,1,1,0,1,3
20_Ms_248_16.xml,textil_ex,train,7,24,10,0,3,4,0,2,5
20_Ms_248_161.xml,textil_ex,train,3,10,7,1,2,0,0,0,0
20_Ms_248_163.xml,textil_ex,train,2,8,4,1,1,0,0,0,2
20_Ms_248_165.xml,textil_ex,train,4,13,9,0,0,1,0,0,3
20_Ms_248_166.xml,textil_ex,train,3,11,1,0,5,4,1,0,0
20_Ms_248_168.xml,textil_ex,train,4,24,10,9,3,0,0,0,2
20_Ms_248_169.xml,textil_ex,train,2,6,0,0,3,0,0,0,3
20_Ms_248_170.xml,textil_ex,train,8,45,17,12,5,2,0,2,7
20_Ms_248_171.xml,textil_ex,train,13,26,6,3,5,2,0,3,7
20_Ms_248_172.xml,textil_ex,train,17,45,19,18,0,4,0,0,4
20_Ms_248_173.xml,textil_ex,train,12,27,13,8,2,0,0,0,4
20_Ms_248_174.xml,textil_ex,train,14,48,20,14,3,6,1,2,2
20_Ms_248_175.xml,textil_ex,train,11,31,12,6,4,3,2,0,4
20_Ms_248_176.xml,textil_ex,train,11,52,11,12,11,1,0,5,12
20_Ms_248_177.xml,textil_ex,train,8,40,16,9,5,3,7,0,0
20_Ms_248_178.xml,textil_ex,train,2,18,11,4,0,0,0,2,1
20_Ms_248_180.xml,textil_ex,train,1,23,6,12,3,0,0,0,2
20_Ms_248_182.xml,textil_ex,train,14,13,6,2,0,0,0,0,5
20_Ms_248_183.xml,textil_ex,train,7,16,12,2,1,0,0,0,1
20_Ms_248_184.xml,textil_ex,train,12,21,2,4,0,4,0,0,11
20_Ms_248_186.xml,textil_ex,train,9,26,15,3,4,0,0,0,4
20_Ms_248_187.xml,textil_ex,train,5,12,5,0,5,2,0,0,0
20_Ms_248_188.xml,textil_ex,train,3,19,2,11,0,0,0,5,1
20_Ms_248_19.xml,textil_ex,train,4,6,2,1,1,0,0,0,2
20_Ms_248_190.xml,textil_ex,train,4,4,0,0,0,0,0,0,4
20_Ms_248_191.xml,textil_ex,train,4,16,4,0,5,6,1,0,0
20_Ms_248_192.xml,textil_ex,train,17,28,8,6,1,1,0,3,9
20_Ms_248_194.xml,textil_ex,train,9,43,16,21,4,0,0,0,2
20_Ms_248_195.xml,textil_ex,train,18,30,16,8,6,0,0,0,0
20_Ms_248_196.xml,textil_ex,train,13,35,10,22,0,0,0,0,3
20_Ms_248_197.xml,textil_ex,train,9,23,3,20,0,0,0,0,0
20_Ms_248_198.xml,textil_ex,train,18,84,43,31,1,1,0,8,0
20_Ms_248_199.xml,textil_ex,train,15,65,32,18,0,4,0,8,3
20_Ms_248_200.xml,textil_ex,train,23,51,10,41,0,0,0,0,0
20_Ms_248_201.xml,textil_ex,train,1,4,1,0,1,2,0,0,0
20_Ms_248_203.xml,textil_ex,train,5,40,8,21,5,2,0,0,4
20_Ms_248_206.xml,textil_ex,train,5,24,4,18,0,0,0,2,0
20_Ms_248_207.xml,textil_ex,train,10,33,6,18,3,1,0,1,4
20_Ms_248_209.xml,textil_ex,train,8,34,10,17,5,1,0,0,1
20_Ms_248_21.xml,textil_ex,train,3,14,7,5,0,0,0,2,0
20_Ms_248_210.xml,textil_ex,train,3,5,1,0,1,1,0,0,2
20_Ms_248_212.xml,textil_ex,train,5,40,5,34,1,0,0,0,0
20_Ms_248_213.xml,textil_ex,train,13,92,23,54,11,1,0,0,3
20_Ms_248_214.xml,textil_ex,train,3,56,19,24,11,0,0,0,2
20_Ms_248_22.xml,textil_ex,train,2,7,3,2,1,0,0,0,1
20_Ms_248_23.xml,textil_ex,train,5,42,23,13,1,1,0,4,0
20_Ms_248_24.xml,textil_ex,train,5,38,12,17,4,4,0,1,0
20_Ms_248_27.xml,textil_ex,train,15,31,8,6,1,2,2,1,11
20_Ms_248_28.xml,textil_ex,train,13,36,20,2,0,2,1,0,11
20_Ms_248_29.xml,textil_ex,train,9,29,16,3,2,1,0,0,7
20_Ms_248_30.xml,textil_ex,train,5,25,10,7,3,0,0,0,5
20_Ms_248_31.xml,textil_ex,train,11,21,4,5,2,0,0,0,10
20_Ms_248_32.xml,textil_ex,train,26,47,21,5,2,1,1,0,17
20_Ms_248_33.xml,textil_ex,train,14,34,19,4,3,0,0,0,8
20_Ms_248_34.xml,textil_ex,train,13,24,7,4,2,1,0,0,10
20_Ms_248_35.xml,textil_ex,train,27,50,18,1,4,9,1,0,17
20_Ms_248_36.xml,textil_ex,train,11,24,11,0,3,1,2,0,7
20_Ms_248_37.xml,textil_ex,train,10,29,15,1,3,3,2,0,5
20_Ms_248_38.xml,textil_ex,train,8,25,12,3,4,2,0,0,4
20_Ms_248_41.xml,textil_ex,train,8,32,15,9,1,0,0,0,7
20_Ms_248_42.xml,textil_ex,train,18,50,28,5,1,4,1,0,11
20_Ms_248_43.xml,textil_ex,train,13,28,9,6,0,4,0,1,8
20_Ms_248_44.xml,textil_ex,train,4,5,1,0,0,0,0,0,4
20_Ms_248_48.xml,textil_ex,train,5,15,8,1,0,2,0,0,4
20_Ms_248_49.xml,textil_ex,train,6,14,1,5,2,2,0,0,4
20_Ms_248_50.xml,textil_ex,train,13,38,19,6,2,3,0,1,7
20_Ms_248_51.xml,textil_ex,train,24,59,25,8,3,3,0,1,19
20_Ms_248_52.xml,textil_ex,train,12,27,12,5,0,1,0,0,9
20_Ms_248_53.xml,textil_ex,train,8,23,8,5,2,2,0,0,6
20_Ms_248_54.xml,textil_ex,train,11,23,13,1,1,3,2,0,3
20_Ms_248_55.xml,textil_ex,train,9,41,23,4,7,1,0,0,6
20_Ms_248_56.xml,textil_ex,train,10,46,32,1,9,1,0,0,3
20_Ms_248_59.xml,textil_ex,train,13,24,6,7,4,0,0,1,6
20_Ms_248_6.xml,textil_ex,train,15,24,11,2,0,0,0,0,11
20_Ms_248_60.xml,textil_ex,train,12,38,10,13,0,0,0,1,14
20_Ms_248_61.xml,textil_ex,train,2,8,1,0,5,0,0,0,2
20_Ms_248_63.xml,textil_ex,train,2,4,2,1,0,0,0,0,1
20_Ms_248_65.xml,textil_ex,train,2,4,2,0,1,0,0,0,1
20_Ms_248_67.xml,textil_ex,train,8,11,3,1,2,0,0,0,5
20_Ms_248_68.xml,textil_ex,train,4,8,3,0,0,0,0,1,4
20_Ms_248_71.xml,textil_ex,train,1,6,2,0,2,1,0,0,1
20_Ms_248_72.xml,textil_ex,train,3,4,2,0,0,1,0,0,1
20_Ms_248_73.xml,textil_ex,train,13,23,5,6,3,0,0,0,9
20_Ms_248_74.xml,textil_ex,train,11,32,17,9,0,0,0,2,4
20_Ms_248_75.xml,textil_ex,train,19,45,30,1,3,1,0,0,10
20_Ms_248_76.xml,textil_ex,train,21,53,18,10,9,3,0,0,13
20_Ms_248_77.xml,textil_ex,train,12,42,18,4,7,0,0,0,13
20_Ms_248_78.xml,textil_ex,train,16,64,20,22,4,3,0,2,13
20_Ms_248_79.xml,textil_ex,train,4,7,2,0,0,1,0,0,4
20_Ms_248_8.xml,textil_ex,train,15,31,17,4,2,0,0,2,6
20_Ms_248_80.xml,textil_ex,train,8,31,17,6,3,0,0,0,5
20_Ms_248_82.xml,textil_ex,train,5,26,4,8,7,0,0,3,4
20_Ms_248_83.xml,textil_ex,train,1,28,0,28,0,0,0,0,0
20_Ms_248_86.xml,textil_ex,train,10,26,16,0,4,0,0,1,5
20_Ms_248_87.xml,textil_ex,train,12,30,8,9,2,1,0,1,9
20_Ms_248_88.xml,textil_ex,train,2,6,5,0,1,0,0,0,0
20_Ms_248_90.xml,textil_ex,train,3,8,0,4,3,0,0,0,1
20_Ms_248_93.xml,textil_ex,train,2,5,4,0,0,0,0,0,1
20_Ms_248_94.xml,textil_ex,train,3,17,10,5,1,0,0,0,1
20_Ms_248_95.xml,textil_ex,train,6,32,15,2,4,2,0,0,9
20_Ms_248_96.xml,textil_ex,train,4,25,5,12,1,1,1,2,3
20_Ms_248_98.xml,textil_ex,train,3,7,3,0,2,0,1,0,1
20_Ms_250_1.xml,varia,test,3,6,0,6,0,0,0,0,0
20_Ms_250_10.xml,varia,test,12,62,33,11,15,2,1,0,0
20_Ms_250_11.xml,varia,test,17,75,43,11,12,9,0,0,0
20_Ms_250_12.xml,varia,test,19,61,47,5,6,2,1,0,0
20_Ms_250_13.xml,varia,test,6,31,15,8,6,2,0,0,0
20_Ms_250_14.xml,varia,test,7,26,11,5,1,6,0,0,3
20_Ms_250_15.xml,varia,test,8,25,16,3,0,4,0,0,2
20_Ms_250_16.xml,varia,test,3,23,12,4,4,2,0,0,1
20_Ms_250_17.xml,varia,test,2,4,1,0,0,0,0,0,3
20_Ms_250_18.xml,varia,test,9,31,12,14,1,4,0,0,0
20_Ms_250_19.xml,varia,test,30,78,40,29,9,0,0,0,0
20_Ms_250_20.xml,varia,test,24,34,4,15,7,1,0,0,7
20_Ms_250_21.xml,varia,test,0,0,0,0,0,0,0,0,0
20_Ms_250_22.xml,varia,test,3,11,6,2,3,0,0,0,0
20_Ms_250_23.xml,varia,test,11,18,4,4,6,3,1,0,0
20_Ms_250_25.xml,varia,test,21,78,23,13,12,8,7,0,15
20_Ms_250_26.xml,varia,test,27,137,56,32,15,8,17,0,9
20_Ms_250_27.xml,varia,test,15,79,40,12,6,6,2,0,13
20_Ms_250_28.xml,varia,test,9,41,16,8,4,6,6,0,1
20_Ms_250_29.xml,varia,test,21,50,29,0,15,4,2,0,0
20_Ms_250_30.xml,varia,test,4,12,8,1,1,0,2,0,0
20_Ms_250_31.xml,varia,test,11,55,22,12,5,5,7,0,4
20_Ms_250_32.xml,varia,test,11,37,12,11,3,3,4,0,4
20_Ms_250_33.xml,varia,test,6,19,3,1,4,4,2,0,5
20_Ms_250_35.xml,varia,test,12,62,22,14,15,4,1,0,6
20_Ms_250_36.xml,varia,test,19,77,35,22,8,4,0,5,3
20_Ms_250_37.xml,varia,test,9,34,11,4,9,1,3,1,5
20_Ms_250_4.xml,varia,test,3,7,2,5,0,0,0,0,0
20_Ms_250_40.xml,varia,test,10,38,16,8,6,4,1,0,3
20_Ms_250_41.xml,varia,test,20,51,27,4,5,4,0,0,11
20_Ms_250_42.xml,varia,test,9,39,17,17,2,0,0,0,3
20_Ms_250_43.xml,varia,test,7,35,19,1,3,8,1,0,3
20_Ms_250_44.xml,varia,test,19,69,26,15,6,2,12,0,8
20_Ms_250_45.xml,varia,test,3,17,14,0,1,1,0,0,1
20_Ms_250_6.xml,varia,test,4,26,7,10,1,6,0,0,2
20_Ms_250_8.xml,varia,test,32,84,53,14,6,11,0,0,0
20_Ms_251_10.xml,varia,test,3,26,0,26,0,0,0,0,0
20_Ms_251_11.xml,varia,test,3,12,7,0,3,0,0,0,2
20_Ms_251_12.xml,varia,test,1,9,2,4,1,1,0,0,1
20_Ms_251_3.xml,varia,test,19,44,22,6,4,2,0,0,10
20_Ms_251_4.xml,varia,test,10,28,15,6,0,1,0,0,6
20_Ms_251_5.xml,varia,test,4,26,0,23,0,0,0,0,3
20_Ms_251_6.xml,varia,test,3,29,0,28,1,0,0,0,0
20_Ms_251_7.xml,varia,test,3,4,0,1,1,0,0,0,2
20_Ms_251_8.xml,varia,test,4,15,6,1,4,0,0,0,4
20_Ms_252_13_3.xml,textil2,train,35,79,3,6,32,8,0,0,30
20_Ms_252_14_3.xml,textil2,train,44,82,4,7,33,8,0,0,30
20_Ms_252_15_1.xml,textil2,train,13,9,4,2,1,1,0,0,1
20_Ms_252_15_3.xml,textil2,train,45,79,4,6,32,8,0,0,29
20_Ms_252_15_5.xml,textil2,train,6,8,0,0,2,3,0,0,3
20_Ms_252_20_1.xml,textil2,train,26,20,0,2,5,9,0,3,1
20_Ms_252_21_1.xml,textil2,train,14,21,3,1,8,3,0,1,5
20_Ms_252_22_1.xml,textil2,train,16,22,3,1,8,4,0,1,5
20_Ms_252_23_5.xml,textil2,train,11,31,1,1,3,25,0,1,0
20_Ms_252_25_3.xml,textil2,train,24,70,12,2,22,5,0,15,14
20_Ms_252_26_3.xml,textil2,train,24,71,12,2,24,7,0,15,11
20_Ms_252_35_1.xml,textil2,train,21,19,2,3,6,2,0,3,3
20_Ms_252_36_4.xml,textil2,train,18,33,0,3,12,10,0,1,7
20_Ms_252_37_4.xml,textil2,train,28,36,0,5,13,10,0,1,7
20_Ms_252_38_2.xml,textil2,train,39,35,0,7,7,11,0,0,10
20_Ms_252_46_1.xml,textil2,train,11,31,1,6,14,5,0,2,3
20_Ms_252_48_1.xml,textil2,train,9,15,1,1,4,2,0,3,4
20_Ms_252_49_1.xml,textil2,train,8,16,1,1,5,2,0,3,4
20_Ms_252_50_1.xml,textil2,train,9,25,6,1,6,6,0,4,2
20_Ms_252_50_2.xml,textil2,train,22,51,5,3,25,3,0,2,13
20_Ms_252_50_3.xml,textil2,train,18,42,9,4,12,7,1,2,7
20_Ms_252_51_3.xml,textil2,train,23,42,9,4,12,7,1,2,7
20_Ms_252_53_1.xml,textil2,train,19,25,1,1,14,0,0,2,7
20_Ms_252_53_4.xml,textil2,train,26,74,18,3,24,10,0,3,16
20_Ms_252_54_1.xml,textil2,train,24,26,1,1,15,0,0,2,7
20_Ms_252_54_4.xml,textil2,train,42,72,17,3,24,10,0,3,15
20_Ms_252_74_4.xml,textil2,train,34,37,7,5,12,6,0,1,6
20_Ms_252_75_4.xml,textil2,train,22,39,5,5,16,6,0,1,6
20_Ms_253_101_1.xml,keramik,train,15,17,12,2,1,0,0,0,2
20_Ms_253_101_2.xml,keramik,train,25,32,22,4,0,2,2,0,2
20_Ms_253_101_3.xml,keramik,train,17,14,9,1,1,0,1,0,2
20_Ms_253_102_1.xml,keramik,train,20,24,14,1,1,3,2,0,3
20_Ms_253_102_3.xml,keramik,train,26,42,21,16,1,0,1,2,1
20_Ms_253_102_4.xml,keramik,train,52,62,29,3,3,7,4,0,16
20_Ms_253_102_5.xml,keramik,train,16,13,3,3,0,1,2,0,4
20_Ms_253_103_1.xml,keramik,train,12,23,9,8,0,5,1,0,0
20_Ms_253_103_2.xml,keramik,train,24,44,27,6,0,2,5,1,3
20_Ms_253_106_1.xml,keramik,train,13,30,17,6,1,5,1,0,0
20_Ms_253_106_2.xml,keramik,train,27,57,33,11,2,2,1,1,7
20_Ms_253_106_3.xml,keramik,train,10,36,18,8,0,0,0,3,7
20_Ms_253_1_1.xml,keramik,train,17,17,15,2,0,0,0,0,0
20_Ms_253_1_2.xml,keramik,train,34,35,14,6,0,5,1,0,9
20_Ms_253_1_3.xml,keramik,train,32,33,17,6,0,1,3,0,6
20_Ms_253_1_4.xml,keramik,train,45,34,13,14,1,1,2,0,3
20_Ms_253_1_5.xml,keramik,train,25,34,16,8,3,0,3,0,4
20_Ms_253_2_1.xml,keramik,train,13,16,14,2,0,0,0,0,0
20_Ms_253_2_2.xml,keramik,train,26,36,14,6,0,5,2,0,9
20_Ms_253_2_3.xml,keramik,train,27,30,16,6,0,1,2,0,5
20_Ms_253_2_4.xml,keramik,train,26,33,13,13,1,1,2,0,3
20_Ms_253_2_5.xml,keramik,train,21,35,16,9,3,0,3,0,4
20_Ms_253_3_2.xml,keramik,train,37,54,41,3,0,0,4,0,6
20_Ms_253_3_3.xml,keramik,train,21,36,22,3,0,4,3,3,1
20_Ms_253_3_4.xml,keramik,train,18,22,12,5,1,1,1,0,2
20_Ms_253_3_5.xml,keramik,train,13,18,10,5,1,0,0,2,0
20_Ms_253_4_1.xml,keramik,train,21,19,9,3,0,0,1,4,2
20_Ms_253_4_2.xml,keramik,train,32,53,42,3,0,0,4,0,4
20_Ms_253_4_3.xml,keramik,train,16,35,21,3,0,4,3,3,1
20_Ms_253_4_4.xml,keramik,train,20,15,8,4,1,1,1,0,0
20_Ms_253_4_5.xml,keramik,train,10,18,12,3,1,0,0,2,0
20_Ms_270_1_1.xml,keramik,train,6,46,14,8,9,14,0,1,0
20_Ms_270_1_2.xml,keramik,train,5,22,10,12,0,0,0,0,0
20_Ms_270_2_1.xml,keramik,train,3,10,1,0,5,3,0,1,0
20_Ms_270_2_2.xml,keramik,train,1,5,1,0,2,1,0,0,1
20_Ms_272_1_1.xml,varia,test,6,13,10,0,0,1,1,0,1
20_Ms_272_1_2.xml,varia,test,12,54,33,4,11,4,0,0,2
20_Ms_272_1_3.xml,varia,test,9,25,12,0,8,1,2,0,2
20_Ms_272_2_1.xml,varia,test,4,13,3,2,4,4,0,0,0
20_Ms_272_4_2.xml,varia,test,1,21,10,6,3,0,0,2,0
20_Ms_272_5_1.xml,varia,test,4,24,6,11,3,2,0,0,2
20_Ms_272_5_2.xml,varia,test,7,7,0,0,4,3,0,0,0
20_Ms_272_6_1.xml,varia,test,4,16,13,2,1,0,0,0,0
20_Ms_272_7_1.xml,varia,test,8,40,16,0,20,3,0,0,1
20_Ms_272_7_2.xml,varia,test,6,47,44,0,3,0,0,0,0
20_Ms_272_7_3.xml,varia,test,8,27,21,1,2,3,0,0,0
20_Ms_283_3_21.xml,varia,test,6,10,8,2,0,0,0,0,0
20_Ms_283_3_22.xml,varia,test,7,17,7,7,0,1,0,2,0
20_Ms_283_3_30.xml,varia,test,61,23,0,1,8,2,0,8,4
20_Ms_283_3_31.xml,varia,test,4,8,1,0,3,1,0,1,2
20_Ms_283_3_40.xml,varia,test,8,17,7,0,5,3,0,0,2
20_Ms_283_3_42.xml,varia,test,6,17,4,9,0,3,0,1,0
20_Ms_283_3_6.xml,varia,test,6,15,4,7,0,2,0,2,0
20_Ms_283_3_7.xml,varia,test,10,36,22,7,0,2,0,5,0
20_Ms_283_5_1_1.xml,varia,test,6,16,9,1,1,3,0,1,1
20_Ms_283_5_2_1.xml,varia,test,4,16,10,0,1,1,0,0,4
20_Ms_283_5_4_1.xml,varia,test,3,6,5,0,0,1,0,0,0
20_Ms_283_6_3_1.xml,varia,test,6,29,22,1,4,2,0,0,0
Stil_Bd.1_Aufl_I_1860a_s0.xml,varia,test,13,6,1,2,1,1,1,0,0
Stil_Bd.1_Aufl_I_1860a_s11.xml,textil1,dev,10,18,7,11,0,0,0,0,0
Stil_Bd.1_Aufl_I_1860a_s24.xml,textil1,dev,5,14,11,2,0,1,0,0,0
Stil_Bd.1_Aufl_II_1878d_s10.xml,textil1,dev,8,41,25,16,0,0,0,0,0
Stil_Bd.1_Aufl_II_1878d_s100.xml,textil2,train,8,56,25,15,3,8,0,2,3
Stil_Bd.1_Aufl_II_1878d_s101.xml,textil2,train,7,57,29,12,8,3,0,2,3
Stil_Bd.1_Aufl_II_1878d_s102.xml,textil2,train,9,57,17,17,2,8,0,10,3
Stil_Bd.1_Aufl_II_1878d_s103.xml,textil2,train,5,49,26,9,1,10,0,3,0
Stil_Bd.1_Aufl_II_1878d_s104.xml,textil2,train,6,48,10,34,0,3,0,1,0
Stil_Bd.1_Aufl_II_1878d_s105.xml,textil2,train,7,36,12,19,0,5,0,0,0
Stil_Bd.1_Aufl_II_1878d_s106.xml,textil2,train,9,42,9,29,2,1,1,0,0
Stil_Bd.1_Aufl_II_1878d_s107.xml,textil2,train,5,42,15,23,2,1,1,0,0
Stil_Bd.1_Aufl_II_1878d_s108.xml,textil2,train,5,41,12,22,4,1,1,0,1
Stil_Bd.1_Aufl_II_1878d_s109.xml,textil2,train,7,41,15,21,1,1,3,0,0
Stil_Bd.1_Aufl_II_1878d_s11.xml,textil1,dev,6,31,9,22,0,0,0,0,0
Stil_Bd.1_Aufl_II_1878d_s110.xml,textil2,train,5,39,5,32,1,0,0,1,0
Stil_Bd.1_Aufl_II_1878d_s111.xml,textil2,train,9,43,13,30,0,0,0,0,0
Stil_Bd.1_Aufl_II_1878d_s112.xml,textil2,train,4,35,9,26,0,0,0,0,0
Stil_Bd.1_Aufl_II_1878d_s113.xml,textil2,train,12,40,18,15,1,4,0,2,0
Stil_Bd.1_Aufl_II_1878d_s114.xml,textil2,train,11,36,11,9,4,8,0,3,1
Stil_Bd.1_Aufl_II_1878d_s115.xml,textil2,train,12,51,30,20,0,1,0,0,0
Stil_Bd.1_Aufl_II_1878d_s116.xml,textil2,train,10,42,11,22,0,0,0,9,0
Stil_Bd.1_Aufl_II_1878d_s117.xml,textil2,train,7,46,13,21,1,4,2,4,1
Stil_Bd.1_Aufl_II_1878d_s118.xml,textil2,train,7,41,11,30,0,0,0,0,0
Stil_Bd.1_Aufl_II_1878d_s119.xml,textil2,train,8,44,11,33,0,0,0,0,0
Stil_Bd.1_Aufl_II_1878d_s120.xml,textil2,train,10,42,25,12,3,2,0,0,0
Stil_Bd.1_Aufl_II_1878d_s121.xml,textil2,train,12,49,21,12,8,3,0,0,5
Stil_Bd.1_Aufl_II_1878d_s122.xml,textil2,train,9,49,16,32,0,0,0,1,0
Stil_Bd.1_Aufl_II_1878d_s123.xml,textil2,train,5,50,24,15,8,1,0,0,2
Stil_Bd.1_Aufl_II_1878d_s124.xml,textil2,train,8,46,18,19,3,5,0,0,1
Stil_Bd.1_Aufl_II_1878d_s125.xml,textil2,train,5,52,24,21,3,1,0,0,3
Stil_Bd.1_Aufl_II_1878d_s126.xml,textil2,train,10,45,12,20,5,7,0,0,1
Stil_Bd.1_Aufl_II_1878d_s127.xml,textil2,train,6,52,27,17,1,5,0,2,0
Stil_Bd.1_Aufl_II_1878d_s128.xml,textil2,train,8,70,31,35,2,0,0,1,1
Stil_Bd.1_Aufl_II_1878d_s129.xml,textil2,train,8,57,34,19,1,3,0,0,0
Stil_Bd.1_Aufl_II_1878d_s13.xml,textil1,dev,8,18,2,16,0,0,0,0,0
Stil_Bd.1_Aufl_II_1878d_s130.xml,textil2,train,6,65,36,12,3,5,0,6,3
Stil_Bd.1_Aufl_II_1878d_s131.xml,textil2,train,6,70,40,16,5,2,0,3,4
Stil_Bd.1_Aufl_II_1878d_s132.xml,textil2,train,6,53,25,15,2,2,0,8,1
Stil_Bd.1_Aufl_II_1878d_s133.xml,textil2,train,4,55,25,23,1,0,0,6,0
Stil_Bd.1_Aufl_II_1878d_s134.xml,textil2,train,7,56,22,14,4,10,0,5,1
Stil_Bd.1_Aufl_II_1878d_s135.xml,textil2,train,7,66,18,17,5,23,1,2,0
Stil_Bd.1_Aufl_II_1878d_s136.xml,textil2,train,10,40,12,20,1,6,0,1,0
Stil_Bd.1_Aufl_II_1878d_s137.xml,textil2,train,10,104,21,50,3,27,0,2,1
Stil_Bd.1_Aufl_II_1878d_s138.xml,textil2,train,7,94,17,59,3,14,0,1,0
Stil_Bd.1_Aufl_II_1878d_s139.xml,textil2,train,6,72,32,11,8,6,0,9,6
Stil_Bd.1_Aufl_II_1878d_s14.xml,textil1,dev,4,8,5,0,1,0,0,1,1
Stil_Bd.1_Aufl_II_1878d_s140.xml,textil2,train,8,59,11,21,11,3,0,6,7
Stil_Bd.1_Aufl_II_1878d_s141.xml,textil2,train,7,54,20,20,1,8,0,5,0
Stil_Bd.1_Aufl_II_1878d_s142.xml,textil2,train,7,63,16,35,3,5,0,2,2
Stil_Bd.1_Aufl_II_1878d_s143.xml,textil2,train,7,61,15,35,5,3,2,0,1
Stil_Bd.1_Aufl_II_1878d_s144.xml,textil2,train,4,48,12,20,12,2,0,2,0
Stil_Bd.1_Aufl_II_1878d_s145.xml,textil2,train,8,35,16,15,1,3,0,0,0
Stil_Bd.1_Aufl_II_1878d_s146.xml,textil2,train,5,16,6,5,1,3,0,0,1
Stil_Bd.1_Aufl_II_1878d_s147.xml,textil2,train,5,52,36,5,10,1,0,0,0
Stil_Bd.1_Aufl_II_1878d_s148.xml,textil2,train,5,55,11,26,2,14,0,2,0
Stil_Bd.1_Aufl_II_1878d_s149.xml,textil2,train,6,55,26,18,2,5,3,0,1
Stil_Bd.1_Aufl_II_1878d_s15.xml,textil1,dev,11,41,22,7,4,1,0,4,3
Stil_Bd.1_Aufl_II_1878d_s150.xml,textil2,train,7,58,23,33,0,2,0,0,0
Stil_Bd.1_Aufl_II_1878d_s151.xml,textil2,train,6,79,30,32,7,4,0,5,1
Stil_Bd.1_Aufl_II_1878d_s152.xml,textil2,train,6,58,25,22,3,3,1,2,2
Stil_Bd.1_Aufl_II_1878d_s153.xml,textil2,train,8,55,14,29,5,2,0,2,3
Stil_Bd.1_Aufl_II_1878d_s154.xml,textil2,train,6,61,27,29,2,0,0,3,0
Stil_Bd.1_Aufl_II_1878d_s155.xml,textil2,train,9,55,24,30,0,1,0,0,0
Stil_Bd.1_Aufl_II_1878d_s156.xml,textil2,train,4,51,21,19,1,8,0,0,2
Stil_Bd.1_Aufl_II_1878d_s157.xml,textil2,train,4,68,31,18,3,7,0,4,5
Stil_Bd.1_Aufl_II_1878d_s158.xml,textil2,train,6,48,16,27,3,1,0,0,1
Stil_Bd.1_Aufl_II_1878d_s159.xml,textil2,train,5,20,7,7,6,0,0,0,0
Stil_Bd.1_Aufl_II_1878d_s160.xml,textil2,train,10,43,18,24,1,0,0,0,0
Stil_Bd.1_Aufl_II_1878d_s161.xml,textil2,train,7,52,29,12,5,3,1,1,1
Stil_Bd.1_Aufl_II_1878d_s162.xml,textil2,train,7,35,18,15,0,2,0,0,0
Stil_Bd.1_Aufl_II_1878d_s163.xml,textil2,train,7,36,21,12,0,1,0,2,0
Stil_Bd.1_Aufl_II_1878d_s164.xml,textil2,train,6,57,25,25,3,1,1,0,2
Stil_Bd.1_Aufl_II_1878d_s165.xml,textil2,train,7,47,25,14,3,3,0,0,2
Stil_Bd.1_Aufl_II_1878d_s166.xml,textil2,train,12,37,5,31,0,0,0,1,0
Stil_Bd.1_Aufl_II_1878d_s167.xml,textil2,train,11,55,26,24,1,2,0,2,0
Stil_Bd.1_Aufl_II_1878d_s168.xml,textil2,train,9,41,17,21,1,1,0,0,1
Stil_Bd.1_Aufl_II_1878d_s169.xml,textil2,train,8,30,11,18,0,0,0,1,0
Stil_Bd.1_Aufl_II_1878d_s170.xml,textil2,train,5,53,24,14,2,2,1,6,4
Stil_Bd.1_Aufl_II_1878d_s171.xml,textil2,train,9,62,21,33,1,1,0,5,1
Stil_Bd.1_Aufl_II_1878d_s172.xml,textil2,train,7,23,13,10,0,0,0,0,0
Stil_Bd.1_Aufl_II_1878d_s173.xml,textil2,train,7,52,24,28,0,0,0,0,0
Stil_Bd.1_Aufl_II_1878d_s174.xml,textil2,train,12,42,25,8,2,5,1,0,1
Stil_Bd.1_Aufl_II_1878d_s175.xml,textil2,train,13,40,24,13,1,2,0,0,0
Stil_Bd.1_Aufl_II_1878d_s176.xml,textil2,train,13,30,18,11,0,1,0,0,0
Stil_Bd.1_Aufl_II_1878d_s177.xml,textil2,train,9,34,12,16,0,1,0,5,0
Stil_Bd.1_Aufl_II_1878d_s178.xml,textil2,train,8,66,16,35,1,8,0,5,1
Stil_Bd.1_Aufl_II_1878d_s179.xml,textil2,train,6,41,12,24,1,0,0,3,1
Stil_Bd.1_Aufl_II_1878d_s180.xml,textil2,train,7,32,7,23,0,2,0,0,0
Stil_Bd.1_Aufl_II_1878d_s181.xml,textil2,train,8,53,14,36,1,1,0,0,1
Stil_Bd.1_Aufl_II_1878d_s182.xml,textil2,train,9,51,23,25,0,1,0,2,0
Stil_Bd.1_Aufl_II_1878d_s183.xml,textil2,train,7,55,17,35,1,0,0,1,1
Stil_Bd.1_Aufl_II_1878d_s184.xml,textil2,train,7,49,17,19,3,5,0,4,1
Stil_Bd.1_Aufl_II_1878d_s185.xml,textil2,train,7,68,21,29,6,4,0,2,6
Stil_Bd.1_Aufl_II_1878d_s186.xml,textil2,train,6,47,18,26,1,0,0,1,1
Stil_Bd.1_Aufl_II_1878d_s187.xml,textil2,train,6,66,17,47,0,0,0,2,0
Stil_Bd.1_Aufl_II_1878d_s188.xml,textil2,train,4,60,12,45,0,3,0,0,0
Stil_Bd.1_Aufl_II_1878d_s189.xml,textil2,train,8,50,7,30,12,0,1,0,0
Stil_Bd.1_Aufl_II_1878d_s19.xml,textil1,dev,9,34,23,11,0,0,0,0,0
Stil_Bd.1_Aufl_II_1878d_s190.xml,textil2,train,8,40,7,26,1,2,0,3,1
Stil_Bd.1_Aufl_II_1878d_s191.xml,textil2,train,6,62,16,43,0,3,0,0,0
Stil_Bd.1_Aufl_II_1878d_s192.xml,textil2,train,7,41,13,21,1,2,0,4,0
Stil_Bd.1_Aufl_II_1878d_s193.xml,textil2,train,0,0,0,0,0,0,0,0,0
Stil_Bd.1_Aufl_II_1878d_s194.xml,textil2,train,6,66,16,27,10,5,0,2,6
Stil_Bd.1_Aufl_II_1878d_s195.xml,textil2,train,7,59,11,38,3,4,0,0,3
Stil_Bd.1_Aufl_II_1878d_s196.xml,textil2,train,10,51,10,27,5,4,0,2,3
Stil_Bd.1_Aufl_II_1878d_s197.xml,textil2,train,6,42,13,25,1,1,0,2,0
Stil_Bd.1_Aufl_II_1878d_s198.xml,textil2,train,7,41,17,24,0,0,0,0,0
Stil_Bd.1_Aufl_II_1878d_s199.xml,textil2,train,8,47,11,30,2,2,0,1,1
Stil_Bd.1_Aufl_II_1878d_s2.xml,textil1,dev,6,23,6,7,2,4,0,4,0
Stil_Bd.1_Aufl_II_1878d_s20.xml,textil1,dev,10,20,11,9,0,0,0,0,0
Stil_Bd.1_Aufl_II_1878d_s200.xml,textil2,train,6,60,8,39,5,4,0,2,2
Stil_Bd.1_Aufl_II_1878d_s201.xml,textil2,train,6,69,20,22,8,6,0,8,5
Stil_Bd.1_Aufl_II_1878d_s202.xml,textil2,train,10,67,31,21,5,3,0,5,2
Stil_Bd.1_Aufl_II_1878d_s203.xml,textil2,train,9,67,29,25,1,3,1,7,1
Stil_Bd.1_Aufl_II_1878d_s204.xml,textil2,train,7,62,1,55,1,1,0,4,0
Stil_Bd.1_Aufl_II_1878d_s205.xml,textil2,train,5,63,2,45,6,8,0,2,0
Stil_Bd.1_Aufl_II_1878d_s206.xml,textil2,train,6,71,1,66,1,1,0,2,0
Stil_Bd.1_Aufl_II_1878d_s207.xml,textil2,train,0,0,0,0,0,0,0,0,0
Stil_Bd.1_Aufl_II_1878d_s208.xml,textil2,train,6,60,6,44,3,4,0,0,3
Stil_Bd.1_Aufl_II_1878d_s209.xml,textil2,train,0,0,0,0,0,0,0,0,0
Stil_Bd.1_Aufl_II_1878d_s21.xml,textil1,dev,6,14,11,1,1,1,0,0,0
Stil_Bd.1_Aufl_II_1878d_s210.xml,textil2,train,5,81,18,46,10,1,0,4,2
Stil_Bd.1_Aufl_II_1878d_s211.xml,textil2,train,5,71,14,52,1,0,0,3,1
Stil_Bd.1_Aufl_II_1878d_s212.xml,textil2,train,6,44,4,14,4,12,0,0,10
Stil_Bd.1_Aufl_II_1878d_s213.xml,textil2,train,12,75,18,57,0,0,0,0,0
Stil_Bd.1_Aufl_II_1878d_s214.xml,textil2,train,9,58,18,40,0,0,0,0,0
Stil_Bd.1_Aufl_II_1878d_s215.xml,textil2,train,3,56,17,36,0,1,1,1,0
Stil_Bd.1_Aufl_II_1878d_s216.xml,textil2,train,9,61,18,32,3,4,0,1,3
Stil_Bd.1_Aufl_II_1878d_s217.xml,textil2,train,7,67,10,45,11,0,0,1,0
Stil_Bd.1_Aufl_II_1878d_s218.xml,textil2,train,8,59,2,52,3,0,0,0,2
Stil_Bd.1_Aufl_II_1878d_s219.xml,textil2,train,7,83,22,37,10,3,1,5,5
Stil_Bd.1_Aufl_II_1878d_s22.xml,textil1,dev,4,11,5,6,0,0,0,0,0
Stil_Bd.1_Aufl_II_1878d_s220.xml,textil2,train,6,52,16,25,3,2,2,2,2
Stil_Bd.1_Aufl_II_1878d_s221.xml,textil2,train,6,45,11,27,2,1,0,3,1
Stil_Bd.1_Aufl_II_1878d_s222.xml,textil2,train,6,77,18,47,4,4,0,3,1
Stil_Bd.1_Aufl_II_1878d_s223.xml,textil2,train,8,64,3,52,0,5,1,3,0
Stil_Bd.1_Aufl_II_1878d_s224.xml,textil2,train,8,52,20,29,0,0,0,3,0
Stil_Bd.1_Aufl_II_1878d_s225.xml,textil2,train,12,80,27,44,2,4,1,1,1
Stil_Bd.1_Aufl_II_1878d_s226.xml,textil2,train,8,41,2,27,5,7,0,0,0
Stil_Bd.1_Aufl_II_1878d_s227.xml,textil2,train,6,63,11,49,0,3,0,0,0
Stil_Bd.1_Aufl_II_1878d_s228.xml,textil2,train,10,67,29,35,0,1,1,1,0
Stil_Bd.1_Aufl_II_1878d_s229.xml,textil2,train,6,59,9,27,5,9,1,3,5
Stil_Bd.1_Aufl_II_1878d_s23.xml,textil1,dev,6,20,10,4,1,2,0,2,1
Stil_Bd.1_Aufl_II_1878d_s230.xml,textil2,train,5,77,37,40,0,0,0,0,0
Stil_Bd.1_Aufl_II_1878d_s231.xml,textil2,train,11,53,22,25,0,4,0,2,0
Stil_Bd.1_Aufl_II_1878d_s232.xml,textil2,train,8,92,47,34,2,5,0,2,2
Stil_Bd.1_Aufl_II_1878d_s233.xml,textil2,train,7,70,31,31,0,5,2,1,0
Stil_Bd.1_Aufl_II_1878d_s234.xml,textil2,train,10,66,43,20,0,1,0,2,0
Stil_Bd.1_Aufl_II_1878d_s235.xml,textil2,train,12,74,43,30,0,1,0,0,0
Stil_Bd.1_Aufl_II_1878d_s236.xml,textil2,train,9,77,43,30,0,1,1,2,0
Stil_Bd.1_Aufl_II_1878d_s237.xml,textil2,train,10,72,32,35,1,2,0,2,0
Stil_Bd.1_Aufl_II_1878d_s238.xml,textil2,train,11,62,22,36,0,3,0,1,0
Stil_Bd.1_Aufl_II_1878d_s239.xml,textil2,train,8,79,42,31,2,3,0,1,0
Stil_Bd.1_Aufl_II_1878d_s24.xml,textil1,dev,8,17,12,4,1,0,0,0,0
Stil_Bd.1_Aufl_II_1878d_s240.xml,textil2,train,10,45,12,24,2,3,0,1,3
Stil_Bd.1_Aufl_II_1878d_s25.xml,textil1,dev,7,15,10,5,0,0,0,0,0
Stil_Bd.1_Aufl_II_1878d_s26.xml,textil1,dev,5,11,11,0,0,0,0,0,0
Stil_Bd.1_Aufl_II_1878d_s27.xml,textil1,dev,8,41,15,26,0,0,0,0,0
Stil_Bd.1_Aufl_II_1878d_s28.xml,textil1,dev,4,20,16,1,3,0,0,0,0
Stil_Bd.1_Aufl_II_1878d_s29.xml,textil1,dev,10,31,3,28,0,0,0,0,0
Stil_Bd.1_Aufl_II_1878d_s3.xml,textil1,dev,9,26,5,3,2,6,0,10,0
Stil_Bd.1_Aufl_II_1878d_s31.xml,textil1,dev,8,24,17,7,0,0,0,0,0
Stil_Bd.1_Aufl_II_1878d_s33.xml,textil1,dev,9,20,7,12,1,0,0,0,0
Stil_Bd.1_Aufl_II_1878d_s34.xml,textil1,dev,7,29,5,20,2,0,1,0,1
Stil_Bd.1_Aufl_II_1878d_s36.xml,textil1,dev,6,38,22,12,1,0,0,2,1
Stil_Bd.1_Aufl_II_1878d_s37.xml,textil1,dev,7,29,10,19,0,0,0,0,0
Stil_Bd.1_Aufl_II_1878d_s38.xml,textil1,dev,8,26,15,11,0,0,0,0,0
Stil_Bd.1_Aufl_II_1878d_s39.xml,textil1,dev,7,30,19,11,0,0,0,0,0
Stil_Bd.1_Aufl_II_1878d_s4.xml,textil1,dev,5,34,13,2,1,6,0,12,0
Stil_Bd.1_Aufl_II_1878d_s40.xml,textil1,dev,6,35,7,27,1,0,0,0,0
Stil_Bd.1_Aufl_II_1878d_s42.xml,textil1,dev,5,35,1,29,0,1,4,0,0
Stil_Bd.1_Aufl_II_1878d_s43.xml,textil1,dev,4,36,5,29,0,0,0,2,0
Stil_Bd.1_Aufl_II_1878d_s44.xml,textil1,dev,8,44,9,35,0,0,0,0,0
Stil_Bd.1_Aufl_II_1878d_s45.xml,textil1,dev,7,58,21,34,0,0,0,3,0
Stil_Bd.1_Aufl_II_1878d_s46.xml,textil1,dev,9,35,6,29,0,0,0,0,0
Stil_Bd.1_Aufl_II_1878d_s47.xml,textil1,dev,5,49,1,48,0,0,0,0,0
Stil_Bd.1_Aufl_II_1878d_s48.xml,textil1,dev,4,38,3,35,0,0,0,0,0
Stil_Bd.1_Aufl_II_1878d_s49.xml,textil1,dev,9,44,3,34,3,1,0,0,3
Stil_Bd.1_Aufl_II_1878d_s50.xml,textil1,dev,6,40,6,34,0,0,0,0,0
Stil_Bd.1_Aufl_II_1878d_s51.xml,textil1,dev,6,15,5,9,0,0,1,0,0
Stil_Bd.1_Aufl_II_1878d_s52.xml,textil1,dev,4,41,14,27,0,0,0,0,0
Stil_Bd.1_Aufl_II_1878d_s53.xml,textil1,dev,6,55,25,30,0,0,0,0,0
Stil_Bd.1_Aufl_II_1878d_s54.xml,textil1,dev,5,62,31,31,0,0,0,0,0
Stil_Bd.1_Aufl_II_1878d_s55.xml,textil1,dev,6,45,17,28,0,0,0,0,0
Stil_Bd.1_Aufl_II_1878d_s56.xml,textil1,dev,5,42,19,20,1,2,0,0,0
Stil_Bd.1_Aufl_II_1878d_s57.xml,textil1,dev,3,5,2,2,0,1,0,0,0
Stil_Bd.1_Aufl_II_1878d_s58.xml,textil1,dev,4,4,4,0,0,0,0,0,0
Stil_Bd.1_Aufl_II_1878d_s59.xml,textil1,dev,6,53,28,21,1,2,1,0,0
Stil_Bd.1_Aufl_II_1878d_s60.xml,textil1,dev,5,6,1,4,0,1,0,0,0
Stil_Bd.1_Aufl_II_1878d_s61.xml,textil1,dev,9,47,23,22,0,0,0,2,0
Stil_Bd.1_Aufl_II_1878d_s62.xml,textil1,dev,5,40,10,30,0,0,0,0,0
Stil_Bd.1_Aufl_II_1878d_s63.xml,textil1,dev,9,45,15,28,0,0,0,2,0
Stil_Bd.1_Aufl_II_1878d_s64.xml,textil1,dev,6,53,37,12,0,3,0,0,1
Stil_Bd.1_Aufl_II_1878d_s65.xml,textil1,dev,6,35,19,11,2,1,0,2,0
Stil_Bd.1_Aufl_II_1878d_s66.xml,textil1,dev,5,55,27,17,9,0,0,0,2
Stil_Bd.1_Aufl_II_1878d_s67.xml,textil1,dev,6,53,33,17,3,0,0,0,0
Stil_Bd.1_Aufl_II_1878d_s68.xml,textil1,dev,6,48,22,15,9,1,1,0,0
Stil_Bd.1_Aufl_II_1878d_s69.xml,textil1,dev,3,55,25,20,8,0,2,0,0
Stil_Bd.1_Aufl_II_1878d_s7.xml,textil1,dev,9,21,1,20,0,0,0,0,0
Stil_Bd.1_Aufl_II_1878d_s72.xml,textil1,dev,6,47,13,34,0,0,0,0,0
Stil_Bd.1_Aufl_II_1878d_s73.xml,textil1,dev,8,40,5,33,1,0,0,0,1
Stil_Bd.1_Aufl_II_1878d_s74.xml,textil1,dev,5,15,1,9,3,0,0,0,2
Stil_Bd.1_Aufl_II_1878d_s75.xml,textil1,dev,4,48,13,27,2,0,0,6,0
Stil_Bd.1_Aufl_II_1878d_s76.xml,textil1,dev,7,21,1,17,1,0,1,1,0
Stil_Bd.1_Aufl_II_1878d_s77.xml,textil1,dev,6,21,8,11,1,0,0,1,0
Stil_Bd.1_Aufl_II_1878d_s78.xml,textil1,dev,5,20,5,15,0,0,0,0,0
Stil_Bd.1_Aufl_II_1878d_s79.xml,textil1,dev,5,12,1,11,0,0,0,0,0
Stil_Bd.1_Aufl_II_1878d_s80.xml,textil1,dev,9,37,8,28,0,0,0,1,0
Stil_Bd.1_Aufl_II_1878d_s81.xml,textil1,dev,7,49,4,44,1,0,0,0,0
Stil_Bd.1_Aufl_II_1878d_s82.xml,textil1,dev,7,47,13,33,0,0,0,1,0
Stil_Bd.1_Aufl_II_1878d_s83.xml,textil1,dev,5,43,19,19,1,2,0,1,1
Stil_Bd.1_Aufl_II_1878d_s84.xml,textil1,dev,7,28,18,10,0,0,0,0,0
Stil_Bd.1_Aufl_II_1878d_s85.xml,textil1,dev,10,35,14,17,2,1,1,0,0
Stil_Bd.1_Aufl_II_1878d_s86.xml,textil1,dev,7,32,4,23,0,3,1,0,1
Stil_Bd.1_Aufl_II_1878d_s87.xml,textil1,dev,0,0,0,0,0,0,0,0,0
Stil_Bd.1_Aufl_II_1878d_s88.xml,textil1,dev,22,45,1,16,16,2,0,0,10
Stil_Bd.1_Aufl_II_1878d_s89.xml,textil1,dev,24,44,25,19,0,0,0,0,0
Stil_Bd.1_Aufl_II_1878d_s90.xml,textil1,dev,9,29,3,26,0,0,0,0,0
Stil_Bd.1_Aufl_II_1878d_s91.xml,textil1,dev,4,29,0,23,1,2,0,0,3
Stil_Bd.1_Aufl_II_1878d_s92.xml,textil1,dev,8,45,12,29,1,0,0,2,1
Stil_Bd.1_Aufl_II_1878d_s93.xml,textil1,dev,11,43,17,19,0,1,0,6,0
Stil_Bd.1_Aufl_II_1878d_s94.xml,textil1,dev,8,30,7,19,0,0,0,4,0
Stil_Bd.1_Aufl_II_1878d_s95.xml,textil1,dev,6,45,15,19,1,2,0,7,1
Stil_Bd.1_Aufl_II_1878d_s96.xml,textil1,dev,6,52,20,25,3,1,2,1,0
Stil_Bd.1_Aufl_II_1878d_s97.xml,textil1,dev,7,65,31,15,6,4,0,5,4
Stil_Bd.1_Aufl_II_1878d_s98.xml,textil1,dev,5,42,12,27,0,2,0,1,0
Stil_Bd.1_Aufl_II_1878d_s99.xml,textil1,dev,8,52,16,33,0,2,0,1,0
Stil_Bd.2_Aufl_I_1860a_s105.xml,keramik,train,8,20,14,4,0,0,0,1,1
Stil_Bd.2_Aufl_I_1860a_s107.xml,keramik,train,6,10,10,0,0,0,0,0,0
Stil_Bd.2_Aufl_I_1860a_s108.xml,keramik,train,9,17,17,0,0,0,0,0,0
Stil_Bd.2_Aufl_I_1860a_s11.xml,keramik,train,7,20,15,2,1,0,0,0,2
Stil_Bd.2_Aufl_I_1860a_s110.xml,keramik,train,8,26,24,0,0,2,0,0,0
Stil_Bd.2_Aufl_I_1860a_s115.xml,keramik,train,9,25,19,2,0,3,1,0,0
Stil_Bd.2_Aufl_I_1860a_s119.xml,keramik,train,15,9,1,1,1,0,0,0,6
Stil_Bd.2_Aufl_I_1860a_s12.xml,keramik,train,6,18,10,2,0,3,2,0,1
Stil_Bd.2_Aufl_I_1860a_s120.xml,keramik,train,11,12,4,3,0,0,0,0,5
Stil_Bd.2_Aufl_I_1860a_s129.xml,keramik,train,7,38,21,3,3,3,1,6,1
Stil_Bd.2_Aufl_I_1860a_s13.xml,keramik,train,8,19,16,1,0,1,0,1,0
Stil_Bd.2_Aufl_I_1860a_s132.xml,keramik,train,9,15,7,1,0,5,0,0,2
Stil_Bd.2_Aufl_I_1860a_s134.xml,keramik,train,10,30,8,2,10,6,0,4,0
Stil_Bd.2_Aufl_I_1860a_s135.xml,keramik,train,8,27,9,5,1,7,0,2,3
Stil_Bd.2_Aufl_I_1860a_s137.xml,keramik,train,12,36,13,2,0,19,0,1,1
Stil_Bd.2_Aufl_I_1860a_s14.xml,keramik,train,11,18,16,0,0,0,2,0,0
Stil_Bd.2_Aufl_I_1860a_s140.xml,keramik,train,7,27,2,9,8,1,1,2,4
Stil_Bd.2_Aufl_I_1860a_s145.xml,keramik,train,10,21,8,6,4,1,0,0,2
Stil_Bd.2_Aufl_I_1860a_s148.xml,keramik,train,7,18,7,0,1,2,0,5,3
Stil_Bd.2_Aufl_I_1860a_s15.xml,keramik,train,9,30,25,3,0,2,0,0,0
Stil_Bd.2_Aufl_I_1860a_s151.xml,keramik,train,9,21,7,12,1,0,0,1,0
Stil_Bd.2_Aufl_I_1860a_s152.xml,keramik,train,10,38,11,7,3,8,0,8,1
Stil_Bd.2_Aufl_I_1860a_s153.xml,keramik,train,9,27,12,3,1,10,0,0,1
Stil_Bd.2_Aufl_I_1860a_s154.xml,keramik,train,7,13,7,2,0,2,1,0,1
Stil_Bd.2_Aufl_I_1860a_s155.xml,keramik,train,8,8,5,0,0,2,0,0,1
Stil_Bd.2_Aufl_I_1860a_s156.xml,keramik,train,9,25,6,4,0,6,0,6,3
Stil_Bd.2_Aufl_I_1860a_s157.xml,keramik,train,10,26,12,2,4,3,0,0,5
Stil_Bd.2_Aufl_I_1860a_s158.xml,keramik,train,15,26,16,2,3,5,0,0,0
Stil_Bd.2_Aufl_I_1860a_s16.xml,keramik,train,12,25,19,2,2,0,0,0,2
Stil_Bd.2_Aufl_I_1860a_s162.xml,keramik,train,10,17,7,1,1,5,1,1,1
Stil_Bd.2_Aufl_I_1860a_s163.xml,keramik,train,13,16,9,0,2,0,1,0,4
Stil_Bd.2_Aufl_I_1860a_s167.xml,keramik,train,10,28,21,3,1,0,1,1,1
Stil_Bd.2_Aufl_I_1860a_s168.xml,keramik,train,7,24,14,2,2,3,0,2,1
Stil_Bd.2_Aufl_I_1860a_s17.xml,keramik,train,10,14,11,1,0,1,0,0,1
Stil_Bd.2_Aufl_I_1860a_s171.xml,keramik,train,10,20,5,3,0,12,0,0,0
Stil_Bd.2_Aufl_I_1860a_s175.xml,keramik,train,8,25,13,2,5,2,1,2,0
Stil_Bd.2_Aufl_I_1860a_s176.xml,keramik,train,12,23,18,1,1,1,0,0,2
Stil_Bd.2_Aufl_I_1860a_s179.xml,keramik,train,11,28,18,3,0,5,0,0,2
Stil_Bd.2_Aufl_I_1860a_s18.xml,keramik,train,9,20,11,4,1,0,1,1,2
Stil_Bd.2_Aufl_I_1860a_s181.xml,keramik,train,7,34,16,5,7,5,0,1,0
Stil_Bd.2_Aufl_I_1860a_s183.xml,keramik,train,7,25,12,1,6,5,1,0,0
Stil_Bd.2_Aufl_I_1860a_s184.xml,keramik,train,9,18,10,2,2,2,2,0,0
Stil_Bd.2_Aufl_I_1860a_s187.xml,keramik,train,12,20,4,1,0,0,0,0,15
Stil_Bd.2_Aufl_I_1860a_s188.xml,keramik,train,10,29,14,3,5,0,0,0,7
Stil_Bd.2_Aufl_I_1860a_s19.xml,keramik,train,12,20,11,0,1,3,1,0,4
Stil_Bd.2_Aufl_I_1860a_s190.xml,keramik,train,11,24,14,1,0,6,0,1,2
Stil_Bd.2_Aufl_I_1860a_s191.xml,keramik,train,9,31,20,5,1,3,0,0,2
Stil_Bd.2_Aufl_I_1860a_s192.xml,keramik,train,8,39,10,11,8,4,6,0,0
Stil_Bd.2_Aufl_I_1860a_s193.xml,keramik,train,13,28,8,6,3,5,0,2,4
Stil_Bd.2_Aufl_I_1860a_s194.xml,keramik,train,11,28,17,1,1,4,2,2,1
Stil_Bd.2_Aufl_I_1860a_s195.xml,keramik,train,12,27,15,0,0,2,1,9,0
Stil_Bd.2_Aufl_I_1860a_s20.xml,keramik,train,8,14,8,1,3,1,1,0,0
Stil_Bd.2_Aufl_I_1860a_s203.xml,keramik,train,11,25,17,2,0,0,1,3,2
Stil_Bd.2_Aufl_I_1860a_s204.xml,keramik,train,9,22,12,0,1,0,2,1,6
Stil_Bd.2_Aufl_I_1860a_s208.xml,tektonik,train,6,22,14,0,2,0,0,4,2
Stil_Bd.2_Aufl_I_1860a_s211.xml,tektonik,train,11,22,11,9,0,0,0,0,2
Stil_Bd.2_Aufl_I_1860a_s214.xml,tektonik,train,11,19,10,5,0,1,0,1,2
Stil_Bd.2_Aufl_I_1860a_s216.xml,tektonik,train,10,25,20,5,0,0,0,0,0
Stil_Bd.2_Aufl_I_1860a_s217.xml,tektonik,train,10,27,18,3,4,0,0,2,0
Stil_Bd.2_Aufl_I_1860a_s218.xml,tektonik,train,10,26,20,6,0,0,0,0,0
Stil_Bd.2_Aufl_I_1860a_s219.xml,keramik,train,9,23,13,8,0,1,0,0,1
Stil_Bd.2_Aufl_I_1860a_s22.xml,keramik,train,7,21,14,4,0,0,0,2,1
Stil_Bd.2_Aufl_I_1860a_s226.xml,tektonik,train,12,29,22,7,0,0,0,0,0
Stil_Bd.2_Aufl_I_1860a_s227.xml,tektonik,train,8,21,16,2,0,0,0,2,1
Stil_Bd.2_Aufl_I_1860a_s228.xml,tektonik,train,7,34,18,4,0,4,1,4,3
Stil_Bd.2_Aufl_I_1860a_s229.xml,tektonik,train,6,13,11,1,0,0,0,0,1
Stil_Bd.2_Aufl_I_1860a_s23.xml,keramik,train,7,22,10,6,3,1,2,0,0
Stil_Bd.2_Aufl_I_1860a_s230.xml,tektonik,train,9,35,17,7,5,1,0,2,3
Stil_Bd.2_Aufl_I_1860a_s231.xml,tektonik,train,10,23,15,5,0,1,0,0,2
Stil_Bd.2_Aufl_I_1860a_s234.xml,tektonik,train,11,25,22,2,0,0,0,1,0
Stil_Bd.2_Aufl_I_1860a_s235.xml,tektonik,train,7,32,26,3,0,0,0,2,1
Stil_Bd.2_Aufl_I_1860a_s238.xml,tektonik,train,8,21,18,2,0,0,0,1,0
Stil_Bd.2_Aufl_I_1860a_s24.xml,keramik,train,16,38,15,2,2,4,4,0,11
Stil_Bd.2_Aufl_I_1860a_s247.xml,tektonik,train,10,22,14,7,0,0,0,0,1
Stil_Bd.2_Aufl_I_1860a_s25.xml,keramik,train,12,34,14,3,2,8,2,0,5
Stil_Bd.2_Aufl_I_1860a_s251.xml,tektonik,train,9,55,18,37,0,0,0,0,0
Stil_Bd.2_Aufl_I_1860a_s252.xml,tektonik,train,5,67,32,25,5,1,0,2,2
Stil_Bd.2_Aufl_I_1860a_s253.xml,tektonik,train,8,57,10,42,0,5,0,0,0
Stil_Bd.2_Aufl_I_1860a_s254.xml,tektonik,train,7,64,18,42,0,1,0,3,0
Stil_Bd.2_Aufl_I_1860a_s255.xml,tektonik,train,6,75,20,32,3,3,0,14,3
Stil_Bd.2_Aufl_I_1860a_s256.xml,tektonik,train,8,42,7,29,1,2,0,2,1
Stil_Bd.2_Aufl_I_1860a_s257.xml,tektonik,train,7,31,15,16,0,0,0,0,0
Stil_Bd.2_Aufl_I_1860a_s258.xml,tektonik,train,12,40,22,17,0,1,0,0,0
Stil_Bd.2_Aufl_I_1860a_s26.xml,keramik,train,9,19,5,4,3,4,1,0,2
Stil_Bd.2_Aufl_I_1860a_s262.xml,tektonik,train,10,13,0,9,0,0,0,3,1
Stil_Bd.2_Aufl_I_1860a_s264.xml,tektonik,train,10,23,4,13,2,2,0,2,0
Stil_Bd.2_Aufl_I_1860a_s265.xml,tektonik,train,8,21,2,17,1,0,0,1,0
Stil_Bd.2_Aufl_I_1860a_s267.xml,tektonik,train,12,21,0,11,0,4,0,6,0
Stil_Bd.2_Aufl_I_1860a_s268.xml,tektonik,train,9,24,1,20,0,0,0,0,3
Stil_Bd.2_Aufl_I_1860a_s269.xml,tektonik,train,10,29,2,12,9,1,0,5,0
Stil_Bd.2_Aufl_I_1860a_s27.xml,keramik,train,8,27,10,9,0,7,1,0,0
Stil_Bd.2_Aufl_I_1860a_s270.xml,tektonik,train,9,13,2,9,0,0,0,0,2
Stil_Bd.2_Aufl_I_1860a_s272.xml,tektonik,train,9,22,1,14,0,4,0,3,0
Stil_Bd.2_Aufl_I_1860a_s273.xml,tektonik,train,9,18,3,12,0,1,0,2,0
Stil_Bd.2_Aufl_I_1860a_s274.xml,tektonik,train,11,33,5,13,3,7,0,4,1
Stil_Bd.2_Aufl_I_1860a_s275.xml,tektonik,train,8,23,2,12,3,2,0,2,2
Stil_Bd.2_Aufl_I_1860a_s276.xml,tektonik,train,8,19,3,7,4,4,0,1,0
Stil_Bd.2_Aufl_I_1860a_s277.xml,tektonik,train,10,27,1,8,1,4,0,1,12
Stil_Bd.2_Aufl_I_1860a_s278.xml,tektonik,train,7,25,7,9,2,4,0,3,0
Stil_Bd.2_Aufl_I_1860a_s279.xml,tektonik,train,10,19,0,11,2,1,0,4,1
Stil_Bd.2_Aufl_I_1860a_s28.xml,keramik,train,12,37,16,6,0,5,5,1,4
Stil_Bd.2_Aufl_I_1860a_s281.xml,tektonik,train,13,38,12,14,10,0,0,0,2
Stil_Bd.2_Aufl_I_1860a_s282.xml,tektonik,train,10,31,10,11,5,0,0,1,4
Stil_Bd.2_Aufl_I_1860a_s283.xml,tektonik,train,14,34,11,11,3,0,0,2,7
Stil_Bd.2_Aufl_I_1860a_s284.xml,tektonik,train,8,32,7,14,0,2,0,3,6
Stil_Bd.2_Aufl_I_1860a_s285.xml,tektonik,train,6,24,9,3,0,5,0,7,0
Stil_Bd.2_Aufl_I_1860a_s286.xml,tektonik,train,9,19,6,10,0,1,0,0,2
Stil_Bd.2_Aufl_I_1860a_s287.xml,tektonik,train,9,30,9,19,1,0,0,0,1
Stil_Bd.2_Aufl_I_1860a_s288.xml,tektonik,train,10,49,19,15,3,2,0,10,0
Stil_Bd.2_Aufl_I_1860a_s289.xml,tektonik,train,9,34,4,22,0,2,0,5,1
Stil_Bd.2_Aufl_I_1860a_s29.xml,keramik,train,9,27,16,4,1,5,1,0,0
Stil_Bd.2_Aufl_I_1860a_s290.xml,tektonik,train,11,27,14,5,0,3,0,4,1
Stil_Bd.2_Aufl_I_1860a_s293.xml,tektonik,train,9,29,4,13,1,8,0,1,2
Stil_Bd.2_Aufl_I_1860a_s294.xml,tektonik,train,9,35,20,9,2,1,0,0,3
Stil_Bd.2_Aufl_I_1860a_s295.xml,tektonik,train,8,32,18,9,0,0,0,1,4
Stil_Bd.2_Aufl_I_1860a_s296.xml,tektonik,train,7,31,9,22,0,0,0,0,0
Stil_Bd.2_Aufl_I_1860a_s297.xml,tektonik,train,8,35,11,17,0,6,0,1,0
Stil_Bd.2_Aufl_I_1860a_s298.xml,tektonik,train,13,41,19,18,0,2,0,0,2
Stil_Bd.2_Aufl_I_1860a_s299.xml,tektonik,train,7,40,22,17,0,0,0,0,1
Stil_Bd.2_Aufl_I_1860a_s30.xml,keramik,train,12,27,17,3,1,3,2,1,0
Stil_Bd.2_Aufl_I_1860a_s300.xml,tektonik,train,11,45,12,21,0,10,0,2,0
Stil_Bd.2_Aufl_I_1860a_s301.xml,tektonik,train,7,39,5,31,0,3,0,0,0
Stil_Bd.2_Aufl_I_1860a_s302.xml,tektonik,train,8,31,19,11,0,0,0,0,1
Stil_Bd.2_Aufl_I_1860a_s303.xml,tektonik,train,11,54,26,28,0,0,0,0,0
Stil_Bd.2_Aufl_I_1860a_s304.xml,tektonik,train,8,43,29,14,0,0,0,0,0
Stil_Bd.2_Aufl_I_1860a_s305.xml,tektonik,train,6,5,3,1,0,0,0,0,1
Stil_Bd.2_Aufl_I_1860a_s306.xml,tektonik,train,11,44,8,22,1,10,0,0,3
Stil_Bd.2_Aufl_I_1860a_s307.xml,tektonik,train,8,47,30,16,1,0,0,0,0
Stil_Bd.2_Aufl_I_1860a_s309.xml,tektonik,train,4,5,2,3,0,0,0,0,0
Stil_Bd.2_Aufl_I_1860a_s31.xml,keramik,train,9,33,11,5,5,6,1,2,3
Stil_Bd.2_Aufl_I_1860a_s310.xml,tektonik,train,6,21,13,8,0,0,0,0,0
Stil_Bd.2_Aufl_I_1860a_s311.xml,tektonik,train,5,8,6,0,0,2,0,0,0
Stil_Bd.2_Aufl_I_1860a_s312.xml,tektonik,train,10,39,11,20,1,5,0,1,1
Stil_Bd.2_Aufl_I_1860a_s313.xml,tektonik,train,10,43,20,17,0,5,0,0,1
Stil_Bd.2_Aufl_I_1860a_s314.xml,tektonik,train,9,47,29,17,0,0,0,0,1
Stil_Bd.2_Aufl_I_1860a_s315.xml,tektonik,train,7,40,27,13,0,0,0,0,0
Stil_Bd.2_Aufl_I_1860a_s316.xml,tektonik,train,11,33,16,16,0,1,0,0,0
Stil_Bd.2_Aufl_I_1860a_s317.xml,tektonik,train,11,39,27,7,2,0,0,0,3
Stil_Bd.2_Aufl_I_1860a_s318.xml,tektonik,train,11,47,10,32,2,1,0,0,2
Stil_Bd.2_Aufl_I_1860a_s319.xml,tektonik,train,8,40,15,20,2,2,0,0,1
Stil_Bd.2_Aufl_I_1860a_s32.xml,keramik,train,12,27,12,6,1,1,0,4,3
Stil_Bd.2_Aufl_I_1860a_s320.xml,tektonik,train,9,40,13,25,0,2,0,0,0
Stil_Bd.2_Aufl_I_1860a_s321.xml,tektonik,train,7,16,10,3,0,0,0,0,3
Stil_Bd.2_Aufl_I_1860a_s322.xml,tektonik,train,11,40,12,20,1,5,0,0,2
Stil_Bd.2_Aufl_I_1860a_s323.xml,tektonik,train,10,46,16,24,3,3,0,0,0
Stil_Bd.2_Aufl_I_1860a_s324.xml,tektonik,train,11,52,12,30,0,10,0,0,0
Stil_Bd.2_Aufl_I_1860a_s325.xml,tektonik,train,7,43,17,23,0,0,0,0,3
Stil_Bd.2_Aufl_I_1860a_s326.xml,tektonik,train,5,47,9,36,0,2,0,0,0
Stil_Bd.2_Aufl_I_1860a_s327.xml,tektonik,train,8,44,9,35,0,0,0,0,0
Stil_Bd.2_Aufl_I_1860a_s328.xml,tektonik,train,11,47,3,28,3,9,0,1,3
Stil_Bd.2_Aufl_I_1860a_s329.xml,tektonik,train,12,44,3,25,1,8,0,4,3
Stil_Bd.2_Aufl_I_1860a_s330.xml,tektonik,train,7,60,8,41,3,7,0,0,1
Stil_Bd.2_Aufl_I_1860a_s331.xml,tektonik,train,6,49,6,41,0,1,0,0,1
Stil_Bd.2_Aufl_I_1860a_s332.xml,tektonik,train,5,52,0,44,2,5,0,1,0
Stil_Bd.2_Aufl_I_1860a_s333.xml,tektonik,train,9,56,17,30,3,5,0,0,1
Stil_Bd.2_Aufl_I_1860a_s334.xml,tektonik,train,7,54,18,32,1,3,0,0,0
Stil_Bd.2_Aufl_I_1860a_s335.xml,tektonik,train,6,20,2,12,3,3,0,0,0
Stil_Bd.2_Aufl_I_1860a_s336.xml,tektonik,train,8,103,46,22,19,11,0,0,5
Stil_Bd.2_Aufl_I_1860a_s337.xml,tektonik,train,7,81,20,35,11,11,0,2,2
Stil_Bd.2_Aufl_I_1860a_s338.xml,tektonik,train,5,67,13,50,0,4,0,0,0
Stil_Bd.2_Aufl_I_1860a_s339.xml,tektonik,train,7,63,27,34,0,2,0,0,0
Stil_Bd.2_Aufl_I_1860a_s34.xml,keramik,train,9,20,10,2,1,4,0,0,3
Stil_Bd.2_Aufl_I_1860a_s340.xml,tektonik,train,5,77,20,52,1,3,0,0,1
Stil_Bd.2_Aufl_I_1860a_s341.xml,tektonik,train,8,39,23,16,0,0,0,0,0
Stil_Bd.2_Aufl_I_1860a_s342.xml,tektonik,train,6,41,11,28,1,1,0,0,0
Stil_Bd.2_Aufl_I_1860a_s343.xml,tektonik,train,6,31,14,13,3,1,0,0,0
Stil_Bd.2_Aufl_I_1860a_s344.xml,tektonik,train,7,29,12,17,0,0,0,0,0
Stil_Bd.2_Aufl_I_1860a_s345.xml,tektonik,train,8,39,17,20,0,1,0,0,1
Stil_Bd.2_Aufl_I_1860a_s346.xml,tektonik,train,5,20,2,16,2,0,0,0,0
Stil_Bd.2_Aufl_I_1860a_s347.xml,tektonik,train,11,37,3,28,3,2,0,0,1
Stil_Bd.2_Aufl_I_1860a_s348.xml,tektonik,train,9,58,28,20,2,6,0,1,1
Stil_Bd.2_Aufl_I_1860a_s349.xml,tektonik,train,6,63,20,35,3,5,0,0,0
Stil_Bd.2_Aufl_I_1860a_s35.xml,keramik,train,9,25,12,2,1,3,2,0,5
Stil_Bd.2_Aufl_I_1860a_s350.xml,tektonik,train,9,47,13,24,0,8,1,1,0
Stil_Bd.2_Aufl_I_1860a_s351.xml,stereo,test,9,50,10,39,0,0,0,0,1
Stil_Bd.2_Aufl_I_1860a_s352.xml,stereo,test,5,31,1,30,0,0,0,0,0
Stil_Bd.2_Aufl_I_1860a_s353.xml,stereo,test,10,46,12,28,0,4,0,1,1
Stil_Bd.2_Aufl_I_1860a_s354.xml,stereo,test,7,30,21,9,0,0,0,0,0
Stil_Bd.2_Aufl_I_1860a_s355.xml,stereo,test,10,44,19,21,1,0,0,0,3
Stil_Bd.2_Aufl_I_1860a_s356.xml,stereo,test,7,46,18,20,0,6,0,2,0
Stil_Bd.2_Aufl_I_1860a_s357.xml,stereo,test,10,23,8,7,0,5,0,3,0
Stil_Bd.2_Aufl_I_1860a_s358.xml,stereo,test,7,58,13,22,4,16,0,1,2
Stil_Bd.2_Aufl_I_1860a_s359.xml,stereo,test,9,54,6,48,0,0,0,0,0
Stil_Bd.2_Aufl_I_1860a_s36.xml,keramik,train,7,14,5,3,3,0,0,1,2
Stil_Bd.2_Aufl_I_1860a_s360.xml,stereo,test,6,59,16,43,0,0,0,0,0
Stil_Bd.2_Aufl_I_1860a_s361.xml,stereo,test,6,54,13,40,1,0,0,0,0
Stil_Bd.2_Aufl_I_1860a_s363.xml,stereo,test,5,65,32,21,1,8,0,3,0
Stil_Bd.2_Aufl_I_1860a_s364.xml,stereo,test,6,30,19,11,0,0,0,0,0
Stil_Bd.2_Aufl_I_1860a_s365.xml,stereo,test,6,67,23,41,3,0,0,0,0
Stil_Bd.2_Aufl_I_1860a_s366.xml,stereo,test,8,62,25,31,2,2,0,2,0
Stil_Bd.2_Aufl_I_1860a_s367.xml,stereo,test,8,57,29,25,0,1,0,0,2
Stil_Bd.2_Aufl_I_1860a_s368.xml,stereo,test,13,65,27,33,1,1,0,2,1
Stil_Bd.2_Aufl_I_1860a_s369.xml,stereo,test,11,57,11,37,2,5,0,1,1
Stil_Bd.2_Aufl_I_1860a_s37.xml,keramik,train,13,15,9,1,0,1,2,0,2
Stil_Bd.2_Aufl_I_1860a_s370.xml,stereo,test,10,50,20,30,0,0,0,0,0
Stil_Bd.2_Aufl_I_1860a_s371.xml,stereo,test,10,47,9,37,0,0,0,1,0
Stil_Bd.2_Aufl_I_1860a_s372.xml,stereo,test,11,52,4,48,0,0,0,0,0
Stil_Bd.2_Aufl_I_1860a_s373.xml,stereo,test,8,52,19,32,0,0,0,0,1
Stil_Bd.2_Aufl_I_1860a_s374.xml,stereo,test,9,36,24,12,0,0,0,0,0
Stil_Bd.2_Aufl_I_1860a_s375.xml,stereo,test,5,46,17,29,0,0,0,0,0
Stil_Bd.2_Aufl_I_1860a_s376.xml,stereo,test,9,48,11,37,0,0,0,0,0
Stil_Bd.2_Aufl_I_1860a_s377.xml,stereo,test,10,69,15,37,0,16,0,0,1
Stil_Bd.2_Aufl_I_1860a_s378.xml,stereo,test,11,41,5,36,0,0,0,0,0
Stil_Bd.2_Aufl_I_1860a_s379.xml,stereo,test,7,28,13,14,0,1,0,0,0
Stil_Bd.2_Aufl_I_1860a_s38.xml,keramik,train,10,15,7,5,0,1,1,0,1
Stil_Bd.2_Aufl_I_1860a_s380.xml,stereo,test,4,71,20,44,6,0,0,0,1
Stil_Bd.2_Aufl_I_1860a_s381.xml,stereo,test,8,71,21,41,3,1,0,2,3
Stil_Bd.2_Aufl_I_1860a_s382.xml,stereo,test,5,61,26,31,1,2,0,1,0
Stil_Bd.2_Aufl_I_1860a_s383.xml,stereo,test,9,65,14,43,4,2,0,1,1
Stil_Bd.2_Aufl_I_1860a_s384.xml,stereo,test,10,21,10,11,0,0,0,0,0
Stil_Bd.2_Aufl_I_1860a_s385.xml,stereo,test,7,37,11,22,0,2,0,1,1
Stil_Bd.2_Aufl_I_1860a_s386.xml,stereo,test,7,10,0,10,0,0,0,0,0
Stil_Bd.2_Aufl_I_1860a_s387.xml,stereo,test,7,57,10,46,1,0,0,0,0
Stil_Bd.2_Aufl_I_1860a_s388.xml,stereo,test,9,42,1,41,0,0,0,0,0
Stil_Bd.2_Aufl_I_1860a_s389.xml,stereo,test,11,43,3,39,0,0,0,1,0
Stil_Bd.2_Aufl_I_1860a_s39.xml,keramik,train,9,20,6,6,4,0,1,0,3
Stil_Bd.2_Aufl_I_1860a_s390.xml,stereo,test,12,50,8,36,0,2,0,2,2
Stil_Bd.2_Aufl_I_1860a_s391.xml,stereo,test,10,52,23,22,0,7,0,0,0
Stil_Bd.2_Aufl_I_1860a_s392.xml,stereo,test,8,49,12,31,0,4,0,1,1
Stil_Bd.2_Aufl_I_1860a_s393.xml,stereo,test,8,53,7,42,0,0,0,3,1
Stil_Bd.2_Aufl_I_1860a_s394.xml,stereo,test,7,51,15,28,1,1,0,5,1
Stil_Bd.2_Aufl_I_1860a_s395.xml,stereo,test,10,48,2,25,3,15,0,1,2
Stil_Bd.2_Aufl_I_1860a_s396.xml,stereo,test,7,42,8,30,0,3,0,1,0
Stil_Bd.2_Aufl_I_1860a_s397.xml,stereo,test,7,50,11,32,2,2,0,1,2
Stil_Bd.2_Aufl_I_1860a_s398.xml,stereo,test,10,69,22,33,8,4,0,1,1
Stil_Bd.2_Aufl_I_1860a_s399.xml,stereo,test,5,53,14,35,0,3,0,0,1
Stil_Bd.2_Aufl_I_1860a_s4.xml,keramik,train,7,18,12,1,0,4,0,1,0
Stil_Bd.2_Aufl_I_1860a_s40.xml,keramik,train,12,33,11,8,5,3,3,0,3
Stil_Bd.2_Aufl_I_1860a_s400.xml,stereo,test,7,51,9,40,0,1,0,0,1
Stil_Bd.2_Aufl_I_1860a_s401.xml,stereo,test,11,50,8,36,2,1,0,0,3
Stil_Bd.2_Aufl_I_1860a_s402.xml,stereo,test,7,49,3,45,1,0,0,0,0
Stil_Bd.2_Aufl_I_1860a_s403.xml,stereo,test,9,60,13,39,0,6,0,1,1
Stil_Bd.2_Aufl_I_1860a_s404.xml,stereo,test,7,74,41,24,0,9,0,0,0
Stil_Bd.2_Aufl_I_1860a_s405.xml,stereo,test,8,53,0,51,1,0,0,0,1
Stil_Bd.2_Aufl_I_1860a_s406.xml,stereo,test,9,46,11,26,2,5,0,0,2
Stil_Bd.2_Aufl_I_1860a_s407.xml,stereo,test,8,43,12,25,1,5,0,0,0
Stil_Bd.2_Aufl_I_1860a_s408.xml,stereo,test,7,55,7,45,2,0,0,0,1
Stil_Bd.2_Aufl_I_1860a_s409.xml,stereo,test,9,70,22,46,1,0,0,0,1
Stil_Bd.2_Aufl_I_1860a_s410.xml,stereo,test,5,78,11,62,1,4,0,0,0
Stil_Bd.2_Aufl_I_1860a_s411.xml,stereo,test,5,35,2,30,1,1,0,0,1
Stil_Bd.2_Aufl_I_1860a_s412.xml,stereo,test,14,27,18,7,0,2,0,0,0
Stil_Bd.2_Aufl_I_1860a_s414.xml,stereo,test,7,20,1,19,0,0,0,0,0
Stil_Bd.2_Aufl_I_1860a_s415.xml,stereo,test,7,36,5,31,0,0,0,0,0
Stil_Bd.2_Aufl_I_1860a_s416.xml,stereo,test,8,63,27,33,1,0,0,1,1
Stil_Bd.2_Aufl_I_1860a_s417.xml,stereo,test,12,62,29,30,0,2,0,0,1
Stil_Bd.2_Aufl_I_1860a_s418.xml,stereo,test,9,51,29,18,1,1,0,0,2
Stil_Bd.2_Aufl_I_1860a_s419.xml,stereo,test,10,42,18,20,1,1,0,0,2
Stil_Bd.2_Aufl_I_1860a_s42.xml,keramik,train,12,20,15,1,1,0,3,0,0
Stil_Bd.2_Aufl_I_1860a_s420.xml,stereo,test,12,51,28,23,0,0,0,0,0
Stil_Bd.2_Aufl_I_1860a_s421.xml,stereo,test,9,58,34,24,0,0,0,0,0
Stil_Bd.2_Aufl_I_1860a_s422.xml,stereo,test,12,51,26,20,2,2,0,0,1
Stil_Bd.2_Aufl_I_1860a_s423.xml,stereo,test,9,55,31,23,0,1,0,0,0
Stil_Bd.2_Aufl_I_1860a_s424.xml,stereo,test,8,52,21,27,0,2,0,2,0
Stil_Bd.2_Aufl_I_1860a_s425.xml,stereo,test,10,45,29,16,0,0,0,0,0
Stil_Bd.2_Aufl_I_1860a_s426.xml,stereo,test,7,40,2,38,0,0,0,0,0
Stil_Bd.2_Aufl_I_1860a_s427.xml,stereo,test,6,46,24,21,0,0,0,1,0
Stil_Bd.2_Aufl_I_1860a_s428.xml,stereo,test,11,44,25,19,0,0,0,0,0
Stil_Bd.2_Aufl_I_1860a_s429.xml,stereo,test,13,58,36,22,0,0,0,0,0
Stil_Bd.2_Aufl_I_1860a_s43.xml,keramik,train,8,30,22,2,1,0,1,1,3
Stil_Bd.2_Aufl_I_1860a_s430.xml,stereo,test,13,55,40,15,0,0,0,0,0
Stil_Bd.2_Aufl_I_1860a_s431.xml,stereo,test,13,52,30,19,0,3,0,0,0
Stil_Bd.2_Aufl_I_1860a_s432.xml,stereo,test,10,44,28,14,1,1,0,0,0
Stil_Bd.2_Aufl_I_1860a_s433.xml,stereo,test,10,45,17,27,1,0,0,0,0
Stil_Bd.2_Aufl_I_1860a_s434.xml,stereo,test,6,65,22,41,1,1,0,0,0
Stil_Bd.2_Aufl_I_1860a_s435.xml,stereo,test,15,53,33,15,2,3,0,0,0
Stil_Bd.2_Aufl_I_1860a_s436.xml,stereo,test,10,59,18,34,1,3,0,2,1
Stil_Bd.2_Aufl_I_1860a_s45.xml,keramik,train,6,19,10,2,1,0,3,2,1
Stil_Bd.2_Aufl_I_1860a_s46.xml,keramik,train,7,13,5,4,0,1,0,0,3
Stil_Bd.2_Aufl_I_1860a_s47.xml,keramik,train,6,11,5,2,1,2,1,0,0
Stil_Bd.2_Aufl_I_1860a_s48.xml,keramik,train,10,14,9,2,1,0,0,2,0
Stil_Bd.2_Aufl_I_1860a_s489.xml,metal,dev,7,79,27,36,11,3,0,1,1
Stil_Bd.2_Aufl_I_1860a_s49.xml,keramik,train,10,14,10,0,1,0,3,0,0
Stil_Bd.2_Aufl_I_1860a_s490.xml,metal,dev,9,56,21,31,0,4,0,0,0
Stil_Bd.2_Aufl_I_1860a_s491.xml,metal,dev,6,29,4,24,0,0,0,0,1
Stil_Bd.2_Aufl_I_1860a_s492.xml,metal,dev,5,15,2,13,0,0,0,0,0
Stil_Bd.2_Aufl_I_1860a_s493.xml,metal,dev,6,58,5,52,0,0,0,0,1
Stil_Bd.2_Aufl_I_1860a_s494.xml,metal,dev,5,31,3,28,0,0,0,0,0
Stil_Bd.2_Aufl_I_1860a_s495.xml,metal,dev,8,63,17,44,0,0,0,0,2
Stil_Bd.2_Aufl_I_1860a_s496.xml,metal,dev,6,57,6,50,0,0,0,0,1
Stil_Bd.2_Aufl_I_1860a_s497.xml,metal,dev,8,63,21,40,0,0,0,0,2
Stil_Bd.2_Aufl_I_1860a_s498.xml,metal,dev,8,38,18,20,0,0,0,0,0
Stil_Bd.2_Aufl_I_1860a_s499.xml,metal,dev,8,56,5,50,0,0,0,0,1
Stil_Bd.2_Aufl_I_1860a_s5.xml,keramik,train,7,18,12,1,0,0,0,5,0
Stil_Bd.2_Aufl_I_1860a_s50.xml,metal,dev,10,28,11,3,1,8,2,1,2
Stil_Bd.2_Aufl_I_1860a_s500.xml,metal,dev,8,49,8,37,0,2,2,0,0
Stil_Bd.2_Aufl_I_1860a_s501.xml,metal,dev,8,54,12,38,1,2,0,0,1
Stil_Bd.2_Aufl_I_1860a_s502.xml,metal,dev,6,50,11,39,0,0,0,0,0
Stil_Bd.2_Aufl_I_1860a_s503.xml,metal,dev,12,62,17,27,9,4,0,2,3
Stil_Bd.2_Aufl_I_1860a_s504.xml,metal,dev,9,64,16,20,18,5,0,1,4
Stil_Bd.2_Aufl_I_1860a_s505.xml,metal,dev,10,63,14,34,9,3,0,1,2
Stil_Bd.2_Aufl_I_1860a_s506.xml,metal,dev,11,74,19,20,20,9,3,1,2
Stil_Bd.2_Aufl_I_1860a_s507.xml,metal,dev,7,65,15,14,8,14,0,0,14
Stil_Bd.2_Aufl_I_1860a_s508.xml,metal,dev,11,55,12,32,4,0,0,1,6
Stil_Bd.2_Aufl_I_1860a_s509.xml,metal,dev,7,59,5,47,3,2,0,1,1
Stil_Bd.2_Aufl_I_1860a_s51.xml,keramik,train,15,30,25,0,0,0,1,4,0
Stil_Bd.2_Aufl_I_1860a_s510.xml,metal,dev,8,35,5,24,1,0,0,0,5
Stil_Bd.2_Aufl_I_1860a_s511.xml,metal,dev,9,77,28,32,12,2,0,1,2
Stil_Bd.2_Aufl_I_1860a_s512.xml,metal,dev,8,68,16,33,6,5,0,0,8
Stil_Bd.2_Aufl_I_1860a_s513.xml,metal,dev,8,63,9,29,13,9,0,1,2
Stil_Bd.2_Aufl_I_1860a_s514.xml,metal,dev,7,68,7,36,12,7,0,5,1
Stil_Bd.2_Aufl_I_1860a_s515.xml,metal,dev,8,63,16,40,7,0,0,0,0
Stil_Bd.2_Aufl_I_1860a_s516.xml,metal,dev,12,58,19,18,12,2,3,1,3
Stil_Bd.2_Aufl_I_1860a_s517.xml,metal,dev,5,68,21,27,9,7,2,1,1
Stil_Bd.2_Aufl_I_1860a_s518.xml,metal,dev,7,62,11,43,5,0,1,0,2
Stil_Bd.2_Aufl_I_1860a_s519.xml,metal,dev,6,68,16,52,0,0,0,0,0
Stil_Bd.2_Aufl_I_1860a_s52.xml,keramik,train,10,18,10,2,1,1,2,0,2
Stil_Bd.2_Aufl_I_1860a_s520.xml,metal,dev,7,49,9,30,4,2,0,2,2
Stil_Bd.2_Aufl_I_1860a_s521.xml,metal,dev,11,81,29,45,2,3,0,1,1
Stil_Bd.2_Aufl_I_1860a_s522.xml,metal,dev,6,58,3,52,0,1,0,1,1
Stil_Bd.2_Aufl_I_1860a_s523.xml,metal,dev,8,49,0,44,0,5,0,0,0
Stil_Bd.2_Aufl_I_1860a_s524.xml,metal,dev,6,58,14,33,9,1,1,0,0
Stil_Bd.2_Aufl_I_1860a_s525.xml,metal,dev,9,63,18,31,1,6,0,0,7
Stil_Bd.2_Aufl_I_1860a_s526.xml,metal,dev,5,68,15,33,3,2,0,0,15
Stil_Bd.2_Aufl_I_1860a_s527.xml,metal,dev,9,67,10,51,0,2,0,0,4
Stil_Bd.2_Aufl_I_1860a_s528.xml,metal,dev,6,70,24,39,0,2,1,0,4
Stil_Bd.2_Aufl_I_1860a_s529.xml,metal,dev,6,30,6,16,2,3,0,0,3
Stil_Bd.2_Aufl_I_1860a_s53.xml,keramik,train,7,18,6,4,2,2,2,0,2
Stil_Bd.2_Aufl_I_1860a_s531.xml,metal,dev,10,67,31,27,2,4,1,0,2
Stil_Bd.2_Aufl_I_1860a_s532.xml,metal,dev,6,60,8,44,2,4,0,0,2
Stil_Bd.2_Aufl_I_1860a_s533.xml,metal,dev,6,72,7,46,2,9,1,4,3
Stil_Bd.2_Aufl_I_1860a_s534.xml,metal,dev,6,66,3,43,8,11,0,1,0
Stil_Bd.2_Aufl_I_1860a_s535.xml,metal,dev,7,56,6,42,5,3,0,0,0
Stil_Bd.2_Aufl_I_1860a_s536.xml,metal,dev,6,65,14,45,1,2,0,0,3
Stil_Bd.2_Aufl_I_1860a_s537.xml,metal,dev,7,70,18,26,18,4,0,1,3
Stil_Bd.2_Aufl_I_1860a_s538.xml,metal,dev,7,72,27,25,16,3,0,1,0
Stil_Bd.2_Aufl_I_1860a_s539.xml,metal,dev,10,84,37,32,8,5,0,1,1
Stil_Bd.2_Aufl_I_1860a_s54.xml,keramik,train,5,8,6,1,1,0,0,0,0
Stil_Bd.2_Aufl_I_1860a_s540.xml,metal,dev,6,50,13,23,10,2,1,1,0
Stil_Bd.2_Aufl_I_1860a_s541.xml,metal,dev,8,98,47,19,9,15,4,3,1
Stil_Bd.2_Aufl_I_1860a_s542.xml,metal,dev,8,55,17,29,5,0,1,2,1
Stil_Bd.2_Aufl_I_1860a_s543.xml,metal,dev,9,54,16,27,5,6,0,0,0
Stil_Bd.2_Aufl_I_1860a_s544.xml,metal,dev,10,70,16,54,0,0,0,0,0
Stil_Bd.2_Aufl_I_1860a_s545.xml,metal,dev,7,62,9,46,2,2,0,1,2
Stil_Bd.2_Aufl_I_1860a_s546.xml,metal,dev,10,66,21,39,1,1,1,0,3
Stil_Bd.2_Aufl_I_1860a_s547.xml,metal,dev,6,78,22,51,2,2,0,0,1
Stil_Bd.2_Aufl_I_1860a_s548.xml,metal,dev,8,52,11,41,0,0,0,0,0
Stil_Bd.2_Aufl_I_1860a_s549.xml,metal,dev,8,55,10,38,2,1,2,0,2
Stil_Bd.2_Aufl_I_1860a_s55.xml,keramik,train,5,4,2,0,1,0,1,0,0
Stil_Bd.2_Aufl_I_1860a_s550.xml,metal,dev,9,64,15,43,0,0,0,1,5
Stil_Bd.2_Aufl_I_1860a_s551.xml,metal,dev,8,49,15,28,3,2,0,0,1
Stil_Bd.2_Aufl_I_1860a_s553.xml,metal,dev,6,23,9,9,4,0,0,0,1
Stil_Bd.2_Aufl_I_1860a_s556.xml,metal,dev,10,72,15,38,8,3,2,0,6
Stil_Bd.2_Aufl_I_1860a_s559.xml,metal,dev,9,24,12,12,0,0,0,0,0
Stil_Bd.2_Aufl_I_1860a_s560.xml,metal,dev,10,82,28,47,1,1,4,0,1
Stil_Bd.2_Aufl_I_1860a_s561.xml,metal,dev,10,77,19,53,1,0,0,2,2
Stil_Bd.2_Aufl_I_1860a_s562.xml,metal,dev,10,71,34,33,0,2,0,0,2
Stil_Bd.2_Aufl_I_1860a_s563.xml,metal,dev,11,70,33,35,0,1,0,1,0
Stil_Bd.2_Aufl_I_1860a_s564.xml,metal,dev,11,69,27,36,3,0,1,0,2
Stil_Bd.2_Aufl_I_1860a_s565.xml,metal,dev,10,65,16,37,2,4,0,0,6
Stil_Bd.2_Aufl_I_1860a_s566.xml,metal,dev,9,55,12,34,1,0,1,5,2
Stil_Bd.2_Aufl_I_1860a_s567.xml,metal,dev,9,75,22,34,5,10,0,2,2
Stil_Bd.2_Aufl_I_1860a_s568.xml,metal,dev,10,69,19,29,16,3,1,0,1
Stil_Bd.2_Aufl_I_1860a_s569.xml,metal,dev,12,73,16,48,4,4,0,0,1
Stil_Bd.2_Aufl_I_1860a_s57.xml,keramik,train,11,26,10,8,1,2,0,3,2
Stil_Bd.2_Aufl_I_1860a_s570.xml,metal,dev,7,71,24,40,5,2,0,0,0
Stil_Bd.2_Aufl_I_1860a_s571.xml,metal,dev,8,65,41,19,1,2,0,0,2
Stil_Bd.2_Aufl_I_1860a_s572.xml,metal,dev,6,68,31,34,1,2,0,0,0
Stil_Bd.2_Aufl_I_1860a_s573.xml,metal,dev,10,78,32,36,3,4,2,0,1
Stil_Bd.2_Aufl_I_1860a_s574.xml,metal,dev,8,68,26,27,3,10,2,0,0
Stil_Bd.2_Aufl_I_1860a_s575.xml,metal,dev,9,75,44,29,0,1,0,1,0
Stil_Bd.2_Aufl_I_1860a_s576.xml,metal,dev,10,78,31,27,3,6,3,1,7
Stil_Bd.2_Aufl_I_1860a_s577.xml,metal,dev,10,74,18,29,6,9,4,1,7
Stil_Bd.2_Aufl_I_1860a_s578.xml,metal,dev,9,56,16,37,1,0,0,0,2
Stil_Bd.2_Aufl_I_1860a_s579.xml,metal,dev,11,70,29,36,2,0,0,2,1
Stil_Bd.2_Aufl_I_1860a_s580.xml,metal,dev,6,82,59,23,0,0,0,0,0
Stil_Bd.2_Aufl_I_1860a_s581.xml,metal,dev,5,23,11,12,0,0,0,0,0
Stil_Bd.2_Aufl_I_1860a_s582.xml,metal,dev,10,74,33,36,2,0,0,0,3
Stil_Bd.2_Aufl_I_1860a_s583.xml,metal,dev,5,71,13,58,0,0,0,0,0
Stil_Bd.2_Aufl_I_1860a_s584.xml,metal,dev,9,81,37,34,7,1,1,0,1
Stil_Bd.2_Aufl_I_1860a_s585.xml,metal,dev,8,76,44,29,0,1,2,0,0
Stil_Bd.2_Aufl_I_1860a_s586.xml,metal,dev,9,73,27,46,0,0,0,0,0
Stil_Bd.2_Aufl_I_1860a_s587.xml,metal,dev,11,70,20,47,2,0,0,0,1
Stil_Bd.2_Aufl_I_1860a_s588.xml,metal,dev,14,58,23,28,1,4,1,0,1
Stil_Bd.2_Aufl_I_1860a_s589.xml,metal,dev,5,8,4,4,0,0,0,0,0
Stil_Bd.2_Aufl_I_1860a_s591.xml,metal,dev,2,18,11,1,4,1,0,0,1
Stil_Bd.2_Aufl_I_1860a_s60.xml,keramik,train,6,20,12,3,1,4,0,0,0
Stil_Bd.2_Aufl_I_1860a_s62.xml,keramik,train,11,31,23,4,2,0,1,0,1
Stil_Bd.2_Aufl_I_1860a_s63.xml,keramik,train,9,16,6,2,0,3,3,2,0
Stil_Bd.2_Aufl_I_1860a_s64.xml,keramik,train,10,23,13,7,0,1,0,2,0
Stil_Bd.2_Aufl_I_1860a_s65.xml,keramik,train,12,31,24,2,0,3,1,1,0
Stil_Bd.2_Aufl_I_1860a_s66.xml,keramik,train,7,9,6,0,0,0,3,0,0
Stil_Bd.2_Aufl_I_1860a_s67.xml,keramik,train,11,17,9,5,1,2,0,0,0
Stil_Bd.2_Aufl_I_1860a_s68.xml,keramik,train,7,23,11,6,0,2,0,4,0
Stil_Bd.2_Aufl_I_1860a_s69.xml,keramik,train,6,19,10,1,0,0,0,6,2
Stil_Bd.2_Aufl_I_1860a_s7.xml,keramik,train,11,23,19,4,0,0,0,0,0
Stil_Bd.2_Aufl_I_1860a_s70.xml,keramik,train,9,31,17,3,4,2,3,0,2
Stil_Bd.2_Aufl_I_1860a_s71.xml,keramik,train,7,14,4,2,2,1,0,1,4
Stil_Bd.2_Aufl_I_1860a_s72.xml,keramik,train,11,28,19,3,2,2,0,0,2
Stil_Bd.2_Aufl_I_1860a_s73.xml,keramik,train,11,22,9,4,1,3,4,0,1
Stil_Bd.2_Aufl_I_1860a_s74.xml,keramik,train,9,31,14,6,4,0,3,0,4
Stil_Bd.2_Aufl_I_1860a_s75.xml,keramik,train,10,23,14,1,1,3,1,0,3
Stil_Bd.2_Aufl_I_1860a_s76.xml,keramik,train,8,16,8,0,4,1,1,1,1
Stil_Bd.2_Aufl_I_1860a_s77.xml,keramik,train,9,22,10,6,0,2,1,3,0
Stil_Bd.2_Aufl_I_1860a_s9.xml,keramik,train,9,28,20,5,0,1,2,0,0
Stil_Bd.2_Aufl_I_1860a_s94.xml,keramik,train,5,21,18,2,0,0,0,1,0
Stil_Bd.2_Aufl_I_1860a_s95.xml,keramik,train,9,20,15,0,0,1,3,0,1
Stil_Bd.2_Aufl_I_1860a_s97.xml,keramik,train,9,26,20,2,3,1,0,0,0
UBB_V3_11332_KFL_100r.xml,kunstf,train,14,18,0,0,2,4,5,0,7
UBB_V3_11332_KFL_100v.xml,kunstf,train,9,8,0,0,1,1,2,0,4
UBB_V3_11332_KFL_101r.xml,kunstf,train,4,15,0,0,4,3,8,0,0
UBB_V3_11332_KFL_101v.xml,kunstf,train,5,9,0,1,3,1,4,0,0
UBB_V3_11332_KFL_102r.xml,kunstf,train,9,11,0,0,1,1,1,0,8
UBB_V3_11332_KFL_102v.xml,kunstf,train,14,21,0,0,3,6,0,0,12
UBB_V3_11332_KFL_103r.xml,kunstf,train,12,15,0,0,6,1,0,0,8
UBB_V3_11332_KFL_103v.xml,kunstf,train,19,19,0,0,0,0,3,0,16
UBB_V3_11332_KFL_104r.xml,kunstf,train,2,4,0,0,3,0,0,0,1
UBB_V3_11332_KFL_105r.xml,kunstf,train,20,23,1,5,3,0,1,1,12
UBB_V3_11332_KFL_106r.xml,kunstf,train,12,14,0,0,3,0,0,0,11
UBB_V3_11332_KFL_115r.xml,kunstf,train,9,29,12,3,1,2,2,6,3
UBB_V3_11332_KFL_115v.xml,kunstf,train,9,33,12,6,2,7,1,0,5
UBB_V3_11332_KFL_116r.xml,kunstf,train,6,12,4,0,4,3,1,0,0
UBB_V3_11332_KFL_116v.xml,kunstf,train,7,12,0,0,3,2,2,0,5
UBB_V3_11332_KFL_117r.xml,kunstf,train,16,16,4,1,4,2,4,0,1
UBB_V3_11332_KFL_117v.xml,kunstf,train,13,33,12,2,5,6,4,1,3
UBB_V3_11332_KFL_118r.xml,kunstf,train,10,32,15,7,3,7,0,0,0
UBB_V3_11332_KFL_118v.xml,kunstf,train,17,50,28,1,5,8,2,2,4
UBB_V3_11332_KFL_119r.xml,kunstf,train,13,28,22,2,0,2,0,1,1
UBB_V3_11332_KFL_119v.xml,kunstf,train,12,39,22,0,0,5,3,1,8
UBB_V3_11332_KFL_120r.xml,kunstf,train,4,5,1,0,1,0,0,0,3
UBB_V3_11332_KFL_120v.xml,kunstf,train,4,7,0,0,1,3,1,0,2
UBB_V3_11332_KFL_122r.xml,kunstf,train,17,43,11,3,3,6,5,2,13
UBB_V3_11332_KFL_122v.xml,kunstf,train,15,23,8,2,0,1,3,7,2
UBB_V3_11332_KFL_123r.xml,kunstf,train,1,11,0,0,2,2,1,2,4
UBB_V3_11332_KFL_124r.xml,kunstf,train,21,40,22,4,1,3,5,2,3
UBB_V3_11332_KFL_124v.xml,kunstf,train,11,25,12,3,0,5,1,4,0
UBB_V3_11332_KFL_125r.xml,kunstf,train,15,39,17,4,0,7,4,5,2
UBB_V3_11332_KFL_126r.xml,kunstf,train,13,32,20,3,1,5,1,0,2
UBB_V3_11332_KFL_127r.xml,kunstf,train,10,42,25,8,2,2,2,1,2
UBB_V3_11332_KFL_127v.xml,kunstf,train,7,31,14,6,2,4,4,0,1
UBB_V3_11332_KFL_128r.xml,kunstf,train,10,27,10,4,6,4,2,0,1
UBB_V3_11332_KFL_128v.xml,kunstf,train,11,38,18,10,2,1,1,6,0
UBB_V3_11332_KFL_130r.xml,kunstf,train,8,18,13,5,0,0,0,0,0
UBB_V3_11332_KFL_130v.xml,kunstf,train,9,32,17,2,0,7,3,1,2
UBB_V3_11332_KFL_131r.xml,kunstf,train,15,41,31,2,3,1,2,0,2
UBB_V3_11332_KFL_131v.xml,kunstf,train,9,31,14,4,4,0,4,0,5
UBB_V3_11332_KFL_132r.xml,kunstf,train,12,32,22,5,2,0,2,1,0
UBB_V3_11332_KFL_132v.xml,kunstf,train,10,28,19,1,1,1,0,4,2
UBB_V3_11332_KFL_133r.xml,kunstf,train,11,27,15,7,0,0,0,3,2
UBB_V3_11332_KFL_134r.xml,kunstf,train,10,25,6,9,5,0,0,0,5
UBB_V3_11332_KFL_137v.xml,kunstf,train,7,22,1,10,5,0,0,6,0
UBB_V3_11332_KFL_139r.xml,kunstf,train,11,28,21,5,1,0,0,0,1
UBB_V3_11332_KFL_140v.xml,kunstf,train,10,25,12,12,0,1,0,0,0
UBB_V3_11332_KFL_143r.xml,kunstf,train,9,37,24,13,0,0,0,0,0
UBB_V3_11332_KFL_143v.xml,kunstf,train,9,30,22,8,0,0,0,0,0
UBB_V3_11332_KFL_144v.xml,kunstf,train,8,45,26,19,0,0,0,0,0
UBB_V3_11332_KFL_145r.xml,kunstf,train,9,26,14,10,0,0,0,2,0
UBB_V3_11332_KFL_145v.xml,kunstf,train,9,35,21,14,0,0,0,0,0
UBB_V3_11332_KFL_149r.xml,kunstf,train,14,25,17,8,0,0,0,0,0
UBB_V3_11332_KFL_149v.xml,kunstf,train,9,20,5,15,0,0,0,0,0
UBB_V3_11332_KFL_150r.xml,kunstf,train,13,25,4,16,4,0,0,0,1
UBB_V3_11332_KFL_150v.xml,kunstf,train,11,42,27,11,0,3,0,1,0
UBB_V3_11332_KFL_151r.xml,kunstf,train,12,37,17,17,2,0,0,1,0
UBB_V3_11332_KFL_151v.xml,kunstf,train,8,19,8,11,0,0,0,0,0
UBB_V3_11332_KFL_152r.xml,kunstf,train,7,24,10,11,0,0,0,3,0
UBB_V3_11332_KFL_152v.xml,kunstf,train,5,20,8,9,0,3,0,0,0
UBB_V3_11332_KFL_164v.xml,kunstf,train,7,18,1,0,0,14,0,0,3
UBB_V3_11332_KFL_167v.xml,kunstf,train,5,15,3,2,4,4,0,2,0
UBB_V3_11332_KFL_171r.xml,kunstf,train,8,17,0,1,2,13,0,0,1
UBB_V3_11332_KFL_193v.xml,kunstf,train,5,4,0,0,0,3,0,0,1
UBB_V3_11332_KFL_194v.xml,kunstf,train,6,8,3,0,0,1,0,0,4
UBB_V3_11332_KFL_198r.xml,kunstf,train,5,7,0,0,2,2,0,1,2
UBB_V3_11332_KFL_199v.xml,kunstf,train,6,9,2,0,0,2,2,0,3
UBB_V3_11332_KFL_210v.xml,kunstf,train,10,14,1,0,12,0,0,0,1
UBB_V3_11332_KFL_214r.xml,kunstf,train,12,31,7,0,5,10,0,7,2
UBB_V3_11332_KFL_216v.xml,kunstf,train,8,19,7,0,4,6,0,1,1
UBB_V3_11332_KFL_217r.xml,kunstf,train,10,23,6,0,12,1,0,4,0
UBB_V3_11332_KFL_218v.xml,kunstf,train,8,20,6,1,9,4,0,0,0
UBB_V3_11332_KFL_219r.xml,kunstf,train,11,29,3,1,19,5,1,0,0
UBB_V3_11332_KFL_221r.xml,kunstf,train,9,29,9,0,1,12,0,7,0
UBB_V3_11332_KFL_223r.xml,kunstf,train,12,30,12,0,2,14,0,0,2
UBB_V3_11332_KFL_231v.xml,kunstf,train,5,21,6,0,1,11,0,3,0
UBB_V3_11332_KFL_233v.xml,kunstf,train,4,15,10,0,1,1,1,2,0
UBB_V3_11332_KFL_237r.xml,kunstf,train,9,19,8,1,5,2,0,2,1
UBB_V3_11332_KFL_237v.xml,kunstf,train,8,30,7,0,6,11,3,1,2
UBB_V3_11332_KFL_242v.xml,kunstf,train,7,17,10,0,3,0,1,2,1
UBB_V3_11332_KFL_243r.xml,kunstf,train,11,33,16,0,8,7,0,2,0
UBB_V3_11332_KFL_243v.xml,kunstf,train,7,19,8,0,7,4,0,0,0
UBB_V3_11332_KFL_245r.xml,kunstf,train,6,22,6,0,12,1,3,0,0
UBB_V3_11332_KFL_245v.xml,kunstf,train,7,14,3,0,5,4,2,0,0
UBB_V3_11332_KFL_247v.xml,kunstf,train,9,19,2,1,7,3,6,0,0
UBB_V3_11332_KFL_248v.xml,kunstf,train,7,14,7,0,0,5,2,0,0
UBB_V3_11332_KFL_249r.xml,kunstf,train,6,15,2,0,5,5,3,0,0
UBB_V3_11332_KFL_249v.xml,kunstf,train,5,12,8,0,1,3,0,0,0
UBB_V3_11332_KFL_252v.xml,kunstf,train,10,21,11,0,3,6,0,0,1
UBB_V3_11332_KFL_253r.xml,kunstf,train,8,14,3,0,2,6,2,0,1
UBB_V3_11332_KFL_254v.xml,kunstf,train,7,15,3,0,5,4,2,0,1
UBB_V3_11332_KFL_255r.xml,kunstf,train,8,26,9,0,11,3,3,0,0
UBB_V3_11332_KFL_255v.xml,kunstf,train,8,17,7,0,9,0,1,0,0
UBB_V3_11332_KFL_274r.xml,kunstf,train,3,5,2,1,0,0,2,0,0
UBB_V3_11332_KFL_282r.xml,kunstf,train,8,10,3,0,2,0,2,0,3
UBB_V3_11332_KFL_284r.xml,kunstf,train,8,33,12,0,11,0,0,2,8
UBB_V3_11332_KFL_285r.xml,kunstf,train,9,27,9,0,4,13,0,0,1
UBB_V3_11332_KFL_286r.xml,kunstf,train,9,23,8,0,5,4,1,2,3
UBB_V3_11332_KFL_286v.xml,kunstf,train,8,21,4,0,6,4,0,5,2
UBB_V3_11332_KFL_287r.xml,kunstf,train,7,43,14,0,10,8,0,7,4
UBB_V3_11332_KFL_287v.xml,kunstf,train,12,22,8,0,3,1,1,4,5
UBB_V3_11332_KFL_288r.xml,kunstf,train,9,24,8,0,2,9,3,0,2
UBB_V3_11332_KFL_290v.xml,kunstf,train,10,18,11,1,0,3,0,3,0
UBB_V3_11332_KFL_294v.xml,kunstf,train,7,15,11,0,2,1,0,0,1
UBB_V3_11332_KFL_295r.xml,kunstf,train,17,29,13,1,4,2,8,1,0
UBB_V3_11332_KFL_295v.xml,kunstf,train,22,17,12,0,0,0,2,1,2
UBB_V3_11332_KFL_296r.xml,kunstf,train,15,18,10,0,2,1,3,0,2
UBB_V3_11332_KFL_296v.xml,kunstf,train,17,21,14,0,0,1,5,0,1
UBB_V3_11332_KFL_297r.xml,kunstf,train,20,27,18,0,2,1,4,0,2
UBB_V3_11332_KFL_297v.xml,kunstf,train,17,29,15,0,0,2,7,0,5
UBB_V3_11332_KFL_298r.xml,kunstf,train,10,22,13,0,0,2,4,1,2
UBB_V3_11332_KFL_298v.xml,kunstf,train,19,23,13,0,0,0,9,0,1
UBB_V3_11332_KFL_299r.xml,kunstf,train,21,22,14,0,0,1,5,0,2
UBB_V3_11332_KFL_299v.xml,kunstf,train,12,10,5,0,0,3,0,0,2
UBB_V3_11332_KFL_301r.xml,kunstf,train,13,17,13,1,0,0,0,0,3
UBB_V3_11332_KFL_302r.xml,kunstf,train,16,16,11,0,0,0,1,0,4
UBB_V3_11332_KFL_302v.xml,kunstf,train,11,14,9,0,3,0,0,0,2
UBB_V3_11332_KFL_303r.xml,kunstf,train,16,7,4,0,1,0,1,0,1
UBB_V3_11332_KFL_303v.xml,kunstf,train,9,6,5,0,0,0,1,0,0
UBB_V3_11332_KFL_304r.xml,kunstf,train,19,16,12,0,3,0,1,0,0
UBB_V3_11332_KFL_304v.xml,kunstf,train,13,18,9,1,0,1,5,0,2
UBB_V3_11332_KFL_305r.xml,kunstf,train,5,9,3,0,0,5,1,0,0
UBB_V3_11332_KFL_309r.xml,kunstf,train,5,5,3,0,2,0,0,0,0
UBB_V3_11332_KFL_53v.xml,kunstf,train,3,10,0,10,0,0,0,0,0
UBB_V3_11332_KFL_59r.xml,kunstf,train,10,32,6,3,0,20,0,3,0
UBB_V3_11332_KFL_59v.xml,kunstf,train,6,22,3,1,4,8,1,0,5
UBB_V3_11332_KFL_64r.xml,kunstf,train,9,21,10,0,0,1,0,9,1
UBB_V3_11332_KFL_66v.xml,kunstf,train,7,48,6,0,5,8,20,0,9
UBB_V3_11332_KFL_67r.xml,kunstf,train,11,41,11,0,11,3,7,0,9
UBB_V3_11332_KFL_67v.xml,kunstf,train,2,29,2,1,15,11,0,0,0
UBB_V3_11332_KFL_68r.xml,kunstf,train,3,17,1,1,9,0,3,0,3
UBB_V3_11332_KFL_75r.xml,kunstf,train,8,7,3,1,1,0,0,0,2
UBB_V3_11332_KFL_7r.xml,kunstf,train,8,4,0,2,0,0,0,0,2
UBB_V3_11332_KFL_99r.xml,kunstf,train,16,10,1,1,1,1,0,0,6
UBB_V3_11332_KFL_99v.xml,kunstf,train,13,27,0,0,8,0,2,0,17
